YOT,n_sa3_regions,n_tests,tests_per_region
2014,152,609,4.006578947368421
2015,168,800,4.761904761904762
2016,164,792,4.829268292682927
2017,197,1169,5.934010152284264
2018,194,1239,6.38659793814433
2019,211,1277,6.052132701421801
2020,225,1230,5.466666666666667
2021,219,1484,6.776255707762557
2022,228,1386,6.078947368421052
2023,236,1934,8.194915254237289
2024,255,2155,8.450980392156863
