breakpoint_tests,breakpoint_pos,breakpoint_PR
2022.0000688548005,2020,2018.6673676438538
