SA_code,SA_name,c14,c15,c16,c17,c18,c19,c20,c21,c22,c23,c24,t14,t15,t16,t17,t18,t19,t20,t21,t22,t23,t24,ct24pos,ct24all,p14,p15,p16,p17,p18,p19,p20,p21,p22,p23,p24,cpp14,cpp15,cpp16,cpp17,cpp18,cpp19,cpp20,cpp21,cpp22,cpp23,cpp24,tpp14,tpp15,tpp16,tpp17,tpp18,tpp19,tpp20,tpp21,tpp22,tpp23,tpp24,ccpp24,ctpp24,c1M,t1M,c1MPPY,ESCat
40101,Adelaide City,NA,NA,NA,NA,NA,NA,NA,NA,NA,NA,NA,NA,NA,NA,NA,NA,NA,1,NA,NA,NA,NA,NA,1,22624,23085,23552,24188,24688,25376,25964,25522,26183,27901,29118,NA,NA,NA,NA,NA,NA,NA,NA,NA,NA,NA,NA,NA,NA,NA,NA,NA,3.851486673856109,NA,NA,NA,NA,NA,3.434301806,NA,34.343018064427504,0,0 Suspected cases
40102,Adelaide Hills,0,0,0,0,0,0,0,0,0,0,1,NA,NA,NA,1,NA,1,1,1,NA,NA,2,1,6,71692,72465,73164,74195,75382,77004,78778,80493,82125,83749,85575,0,0,0,0,0,0,0,0,0,0,1.168565586,NA,NA,NA,1.347799716962059,NA,1.298633837203262,1.269389931199066,1.242344054762526,NA,NA,2.337131171,1.168565586,7.011393514460999,11.685655857434998,70.11393514,1.170107954159851,<10 Suspected cases
50901,Albany,0,0,0,1,0,0,0,0,0,0,0,NA,2,NA,1,NA,NA,NA,NA,NA,1,NA,1,4,60060,60290,60234,61002,61712,62375,63207,63947,64437,65218,65998,0,0,0,1.639290515,0,0,0,0,0,0,0,NA,3.317299718029524,NA,1.639290515,NA,NA,NA,NA,NA,1.533319022355791,NA,1.515197430225158,6.060789720900633,15.151974302251583,60.60789720900633,1.452475017,<10 Suspected cases
10901,Albury,0,0,0,0,1,0,0,0,0,0,0,NA,NA,NA,NA,1,NA,NA,1,NA,NA,1,1,3,61128,61752,62520,63480,64442,65271,66203,66976,67740,68746,69679,0,0,0,0,1.551782998665467,0,0,0,0,0,0,NA,NA,NA,NA,1.551782998665467,NA,NA,1.493072145246058,NA,NA,1.435152628482039,1.435152628482039,4.305457885446118,14.351526284820391,43.05457885446118,1.392879876646558,<10 Suspected cases
70201,Alice Springs,1,0,1,0,0,0,1,1,0,0,0,1,NA,1,NA,NA,NA,4,3,6,3,4,4,22,40425,39748,39243,39463,39662,39978,40230,40558,40979,41427,41962,2.473716759431045,0,2.548225161175241,0,0,0,2.485707183693761,2.465604812860595,0,0,0,2.473716759431045,NA,2.548225161175241,NA,NA,NA,9.942828734775043,7.396814438581784,14.641645720979039,7.241653993772178,9.532434107049236,9.532434107049236,52.42838758877079,95.32434107049235,524.2838759,9.015608272,<10 Suspected cases
50601,Armadale,NA,NA,NA,NA,NA,NA,NA,NA,NA,NA,NA,NA,NA,2,NA,NA,NA,NA,NA,NA,1,NA,NA,3,75559,78848,82021,84875,88068,91543,94970,97644,100849,105094,109218,NA,NA,NA,NA,NA,NA,NA,NA,NA,NA,NA,NA,NA,2.438399921971202,NA,NA,NA,NA,NA,NA,0.951529107,NA,NA,2.746799978,NA,27.467999780256005,0,0 Suspected cases
11001,Armidale,3,0,1,0,0,1,0,0,0,1,0,4,1,2,2,1,1,1,2,2,1,3,6,20,37859,37943,38060,38204,38271,38305,38122,37766,37778,38023,38154,7.924139570511635,0,2.627430373095113,0,0,2.610625244746116,0,0,0,2.629987113063146,0,10.565519427348846,2.635532245737026,5.254860746190226,5.235053921055387,2.612944527187688,2.610625244746116,2.623157232044489,5.295768680824022,5.294086505373498,2.629987113063146,7.862871520679352,15.725743041358704,52.419143471195675,157.25743041358703,524.1914347119567,14.337431449155885,10-29 Suspected cases
12501,Auburn,NA,NA,NA,NA,NA,NA,NA,NA,NA,NA,NA,1,NA,NA,1,2,2,2,1,1,3,2,NA,15,86896,90055,93936,97621,100783,104051,105284,104476,105477,109712,113554,NA,NA,NA,NA,NA,NA,NA,NA,NA,NA,NA,1.150800957466396,NA,NA,1.024369756507309,1.984461665161783,1.922134337968881,1.899623874472854,0.957157625,0.948073988,2.734431967332653,1.761276573260299,NA,13.209574299452242,NA,132.09574299452242,0,0 Suspected cases
50101,Augusta - Margaret River - Busselton,0,0,0,0,2,0,0,0,0,0,0,NA,NA,NA,NA,2,1,2,NA,NA,NA,NA,2,5,49841,51285,52509,53783,54916,56323,57750,59209,60727,62470,64288,0,0,0,0,3.641925850389686,0,0,0,0,0,0,NA,NA,NA,NA,3.641925850389686,1.775473607584823,3.463203463203463,NA,NA,NA,NA,3.111000498,7.777501244400199,31.110004977600795,77.77501244400199,3.209752512,<10 Suspected cases
30201,Bald Hills - Everton Park,2,0,0,0,0,0,0,0,0,0,0,4,1,2,2,2,7,4,4,4,NA,1,2,31,41598,42049,42530,43295,44095,45149,46057,46713,47712,48851,49958,4.807923457858551,0,0,0,0,0,0,0,0,0,0,9.615846915717102,2.378177840138886,4.702562896778744,4.619471070562421,4.535661639641683,15.504219362555096,8.684890462,8.562926808383105,8.383635144198525,NA,2.001681412386405,4.003362824772809,62.05212378397854,40.033628247728096,620.5212378397854,4.016007807119177,<10 Suspected cases
20101,Ballarat,NA,NA,NA,NA,NA,NA,NA,NA,NA,NA,NA,NA,NA,NA,NA,NA,1,NA,2,NA,1,2,NA,6,102070,103628,105668,107732,109827,112082,114014,115935,118484,120658,123562,NA,NA,NA,NA,NA,NA,NA,NA,NA,NA,NA,NA,NA,NA,NA,NA,0.892203922,NA,1.725104584465433,NA,0.828788808,1.618620611514867,NA,4.855861834544601,NA,48.558618345446014,0,0 Suspected cases
11901,Bankstown,0,0,0,0,0,1,0,0,0,0,0,NA,1,NA,3,4,3,1,5,2,2,1,1,22,173390,176072,178766,181708,184253,186353,187781,186879,187191,190357,193256,0,0,0,0,0,0.536615992,0,0,0,0,0,NA,0.567949475,NA,1.651000506306822,2.170928017454261,1.609847976689401,0.532535241,2.675528015,1.068427435079678,1.050657448898648,0.517448359,0.517448359,11.38386389038374,5.174483586538064,113.83863890383739,0.493581954,<10 Suspected cases
20901,Banyule,NA,NA,NA,NA,NA,NA,NA,NA,NA,NA,NA,3,4,1,2,1,2,2,NA,1,NA,2,NA,18,125107,126088,127447,128660,129645,130607,130294,127370,127427,129602,131931,NA,NA,NA,NA,NA,NA,NA,NA,NA,NA,NA,2.397947357062355,3.172387538861747,0.78463989,1.554484688,0.771337113,1.531311492,1.534990099,NA,0.784763041,NA,1.5159439403930841,NA,13.643495463537759,NA,136.43495463537758,0,0 Suspected cases
70202,Barkly,1,0,0,0,0,0,0,0,0,0,0,2,NA,2,1,NA,NA,1,2,1,1,1,1,11,6352,6276,6153,6093,6036,6010,6029,6006,6024,6037,6067,15.743073047858942,0,0,0,0,0,0,0,0,0,0,31.486146095717885,NA,32.50446936453763,16.412276382734284,NA,NA,16.58649859014762,33.3000333,16.600265604249667,16.564518800728838,16.482610845557936,16.482610845557936,181.3087193011373,164.82610845557937,1813.087193011373,14.906906369721092,10-29 Suspected cases
40501,Barossa,NA,NA,NA,NA,NA,NA,NA,NA,NA,NA,NA,NA,NA,NA,NA,NA,NA,NA,NA,NA,NA,2,NA,2,35299,35862,36424,36858,37392,37805,38308,38791,39265,39850,40361,NA,NA,NA,NA,NA,NA,NA,NA,NA,NA,NA,NA,NA,NA,NA,NA,NA,NA,NA,NA,NA,4.955278610539877,NA,4.955278610539877,NA,49.55278610539877,0,0 Suspected cases
20301,Barwon - West,NA,NA,NA,NA,NA,NA,NA,NA,NA,NA,NA,NA,NA,1,1,NA,1,1,NA,NA,2,NA,NA,6,18394,18783,19310,19888,20452,21066,21740,22397,22879,23391,24016,NA,NA,NA,NA,NA,NA,NA,NA,NA,NA,NA,NA,NA,5.178663904712584,5.028157683024939,NA,4.746985664103295,4.599816007359705,NA,NA,8.550297122825018,NA,NA,24.98334443704197,NA,249.83344437041973,0,0 Suspected cases
10301,Bathurst,0,0,0,0,2,0,0,0,0,0,0,NA,NA,1,NA,3,NA,NA,NA,2,3,2,2,11,46469,47018,47588,47992,48337,48695,48984,49241,49698,50193,50529,0,0,0,0,4.137617146285454,0,0,0,0,0,0,NA,NA,2.101370093300832,NA,6.206425719428181,NA,NA,NA,4.024306813151434,5.976929054,3.958123058045874,3.958123058045874,21.76967681925231,39.581230580458744,217.6967681925231,3.740107415884984,<10 Suspected cases
11501,Baulkham Hills,2,3,1,1,0,1,1,1,2,1,2,5,9,5,7,8,6,3,7,12,11,12,15,85,144565,146731,149058,151991,153365,154880,155746,155277,155374,158099,159856,1.383460727008612,2.044557728087453,0.670879792,0.657933693,0,0.645661157,0.642071064,0.644010381,1.287216651434603,0.63251507,1.251126013412071,3.458651818,6.133673184262358,3.354398958794563,4.605535854096624,5.216314022104131,3.873966942148761,1.926213193276232,4.508072670131443,7.723299908607618,6.957665766386884,7.506756080472425,9.383445100590531,53.172855570013006,93.83445100590532,531.7285557001301,8.902383583529879,<10 Suspected cases
20501,Baw Baw,NA,NA,NA,NA,NA,NA,NA,NA,NA,NA,NA,NA,NA,NA,NA,2,1,1,NA,NA,1,2,NA,7,46791,47987,49446,51040,52601,54198,55902,57761,59414,60774,62040,NA,NA,NA,NA,NA,NA,NA,NA,NA,NA,NA,NA,NA,NA,NA,3.802209083477501,1.845086534558471,1.788844764051376,NA,NA,1.645440484417679,3.223726627981947,NA,11.283043197936815,NA,112.83043197936814,0,0 Suspected cases
20801,Bayside,NA,NA,NA,NA,NA,NA,NA,NA,NA,NA,NA,NA,NA,1,2,NA,3,2,3,NA,4,NA,NA,15,99797,101268,102912,103665,104623,105128,105018,102328,102241,104272,106118,NA,NA,NA,NA,NA,NA,NA,NA,NA,NA,NA,NA,NA,0.97170398,1.929291467708484,NA,2.853664104710448,1.904435430116742,2.931748885935423,NA,3.836120914531226,NA,NA,14.135207976026688,NA,141.3520797602669,0,0 Suspected cases
50401,Bayswater - Bassendean,NA,NA,NA,NA,NA,NA,NA,NA,NA,NA,NA,NA,NA,NA,NA,NA,1,NA,1,1,NA,NA,NA,3,84487,84217,83647,84007,84409,85383,86829,87492,88078,90435,92363,NA,NA,NA,NA,NA,NA,NA,NA,NA,NA,NA,NA,NA,NA,NA,NA,1.171193328882799,NA,1.142961642207287,1.135357296941347,NA,NA,NA,3.248053874,NA,32.48053874,0,0 Suspected cases
31101,Beaudesert,0,0,0,0,1,0,0,0,0,1,1,NA,NA,NA,1,1,NA,NA,NA,NA,2,1,3,5,13747,13953,14196,14424,14613,14691,14857,14913,15235,15672,16114,0,0,0,0,6.843221788818175,0,0,0,0,6.380806533945891,6.205783790492739,NA,NA,NA,6.932889628397117,6.843221788818175,NA,NA,NA,NA,12.761613067891782,6.205783790492739,18.617351371478218,31.028918952463698,186.17351371478216,310.2891895,18.471200320167473,10-29 Suspected cases
31102,Beenleigh,NA,NA,NA,NA,NA,NA,NA,NA,NA,NA,NA,NA,NA,NA,NA,NA,NA,NA,NA,NA,NA,NA,NA,NA,41314,41777,42392,43029,43715,44828,46105,46995,48645,50622,52458,NA,NA,NA,NA,NA,NA,NA,NA,NA,NA,NA,NA,NA,NA,NA,NA,NA,NA,NA,NA,NA,NA,NA,NA,NA,NA,0,No data
80101,Belconnen,0,0,0,0,1,0,0,1,0,1,1,NA,2,NA,1,2,1,1,2,3,6,10,4,28,97090,96939,97286,99626,101938,103501,104475,105623,106002,107831,108483,0,0,0,0,0.980988444,0,0,0.946763489,0,0.927377099,0.921803416,NA,2.063153116908572,NA,1.003754040110011,1.961976887912261,0.96617424,0.957166786,1.893526978025619,2.830135280466406,5.564262596099452,9.218034162034604,3.687213664813842,25.810495653696893,36.872136648138415,258.1049565369689,3.543604945,<10 Suspected cases
50602,Belmont - Victoria Park,NA,NA,NA,NA,NA,NA,NA,NA,NA,NA,NA,NA,2,NA,1,NA,NA,NA,NA,NA,NA,1,NA,4,72931,73587,73943,74195,74632,76066,77801,78173,79189,82532,85217,NA,NA,NA,NA,NA,NA,NA,NA,NA,NA,NA,NA,2.717871363148382,NA,1.347799716962059,NA,NA,NA,NA,NA,NA,1.173474776159686,NA,4.693899104638746,NA,46.93899104638746,0,0 Suspected cases
20201,Bendigo,NA,NA,NA,NA,NA,NA,NA,NA,NA,NA,NA,1,NA,1,NA,1,4,NA,3,1,1,1,NA,13,92457,94035,95934,97505,99015,100711,102023,102940,103871,104883,106022,NA,NA,NA,NA,NA,NA,NA,NA,NA,NA,NA,1.081583871421309,NA,1.042383305188984,NA,1.009947987678635,3.971760780848169,NA,2.914319020788809,0.96273262,0.953443361,0.943200468,NA,12.261606081756616,NA,122.61606081756617,0,0 Suspected cases
30804,Biloela,0,0,0,0,0,0,0,1,0,0,0,NA,NA,NA,NA,NA,1,NA,2,1,NA,1,1,5,14860,14707,14570,14573,14525,14581,14587,14657,14778,14919,15053,0,0,0,0,0,0,0,6.822678583611926,0,0,0,NA,NA,NA,NA,NA,6.858240175570948,NA,13.645357167223851,6.766815536608472,NA,6.643194047698133,6.643194047698133,33.21597023849066,66.43194047698132,332.15970238490667,6.180087757246152,<10 Suspected cases
11601,Blacktown,0,0,1,0,1,0,1,1,0,1,0,NA,1,1,3,4,1,4,5,1,6,2,5,28,134919,137027,139248,141561,143324,144781,144932,143598,143628,145893,147185,0,0,0.718143169,0,0.697719852,0,0.689978749,0.696388529,0,0.685433845,0,NA,0.729783181,0.718143169,2.119227753406659,2.790879406100863,0.690698365,2.759914994618166,3.481942645440744,0.696243072,4.112603072114495,1.358834120324761,3.397085300811904,19.02367768454666,33.970853008119036,190.2367768454666,3.192652302285429,<10 Suspected cases
11602,Blacktown - North,0,0,1,0,0,1,0,0,0,0,1,4,5,4,5,3,4,4,5,5,7,6,3,52,87859,91458,95935,104033,111506,120628,132894,143785,155305,166957,176444,0,0,1.042372439672695,0,0,0.828994927,0,0,0,0,0.566752057,4.552749291478391,5.466990312493166,4.169489759,4.806167273845799,2.690438182698689,3.315979706204198,3.009917678751486,3.477414194804743,3.219471362802228,4.192696323005324,3.400512343859809,1.700256171929904,29.471106980118336,17.00256171929904,294.7110698011833,2.163247293777635,<10 Suspected cases
12401,Blue Mountains,2,2,2,5,2,1,4,6,2,10,11,2,7,9,10,4,6,5,14,5,20,14,47,96,78650,78675,78622,78797,78917,78894,78855,78199,77768,78305,78604,2.542911633820724,2.542103590721322,2.543817252168604,6.345419241849309,2.534308197219864,1.267523512561158,5.072601610551011,7.672732387882198,2.571751877,12.770576591533109,13.99419876851051,2.542911633820724,8.897362567524626,11.447177634758718,12.690838483698618,5.068616394439728,7.605141075366947,6.340752013188765,17.903042238391794,6.429379693447176,25.541153183066218,17.810798432649737,59.79339473818127,122.13118925245534,597.9339473818127,1221.3118925245535,54.380147312347994,30-99 Suspected cases
12402,Blue Mountains - South,NA,NA,NA,NA,NA,NA,NA,NA,NA,NA,NA,NA,NA,NA,NA,NA,NA,NA,NA,NA,NA,NA,NA,NA,NA,NA,NA,NA,NA,NA,NA,NA,NA,NA,NA,NA,NA,NA,NA,NA,NA,NA,NA,NA,NA,NA,NA,NA,NA,NA,NA,NA,NA,NA,NA,NA,NA,NA,NA,NA,NA,NA,No data
20701,Boroondara,1,0,0,0,0,0,0,0,1,0,0,2,1,1,3,NA,4,2,3,5,4,3,2,28,172660,174753,177276,178650,179386,179663,177875,169789,169632,174537,178008,0.579172941,0,0,0,0,0,0,0,0.589511413,0,0,1.158345882080389,0.572236242,0.56409215,1.679261125104954,NA,2.226390520029166,1.124385102,1.766898915713032,2.947557064704773,2.291777674647782,1.685317513819603,1.123545009213069,15.729630128982967,11.23545009213069,157.29630128982967,1.035074000027947,<10 Suspected cases
11701,Botany,0,1,0,0,0,0,0,0,0,0,0,1,4,NA,NA,3,3,2,6,2,2,5,1,28,44518,46244,48838,51170,53249,55423,57666,59245,60892,61999,62328,0,2.162442695268575,0,0,0,0,0,0,0,0,0,2.246282402623658,8.649770781,NA,NA,5.633908618002216,5.412915215704671,3.468248187840322,10.127436914507554,3.284503711489194,3.225858481588413,8.022076755230394,1.604415351046079,44.923629829290206,16.044153510460788,449.23629829290206,1.662311410770448,<10 Suspected cases
10501,Bourke - Cobar - Coonamble,NA,NA,NA,NA,NA,NA,NA,NA,NA,NA,NA,NA,NA,NA,NA,2,NA,1,NA,2,2,2,NA,9,25609,25271,24938,24489,23973,23444,22800,22342,22068,22098,22005,NA,NA,NA,NA,NA,NA,NA,NA,NA,NA,NA,NA,NA,NA,NA,8.342718892086932,NA,4.385964912280701,NA,9.062896501721951,9.050592813829306,9.088843444671665,NA,40.899795501022496,NA,408.9979550102249,0,0 Suspected cases
31201,Bowen Basin - North,0,0,0,1,0,0,0,0,0,0,1,NA,NA,NA,3,2,NA,1,2,NA,1,5,2,14,36065,35218,34290,34289,34514,35054,35799,36363,37015,37722,38247,0,0,0,2.916387179561958,0,0,0,0,0,0,2.61458415,NA,NA,NA,8.749161538685875,5.794749956539375,NA,2.793374116595436,5.500096251684405,NA,2.650972907,13.07292075,5.229168300781761,36.60417810547232,52.29168301,366.04178105472323,5.068732006001379,<10 Suspected cases
31301,Bribie - Beachmere,7,2,0,1,1,2,0,0,0,0,1,10,13,1,2,4,8,7,7,1,3,6,14,62,33179,33397,33882,34483,35267,36003,36774,37510,38482,39190,39789,21.09768226890503,5.988561846872473,0,2.899979700142099,2.835511951682876,5.555092631169625,0,0,0,0,2.513257432958858,30.139546098435755,38.92565200467108,2.951419632843398,5.799959400284198,11.342047806731506,22.22037052,19.035187904497743,18.661690215942414,2.598617535471129,7.655014034192396,15.079544597753147,35.18560406142401,155.8219608434492,351.8560406142401,1558.219608434492,35.17976861763612,30-99 Suspected cases
60101,Brighton,NA,NA,NA,NA,NA,NA,NA,NA,NA,NA,NA,NA,NA,NA,NA,1,NA,NA,NA,NA,NA,1,NA,2,16765,16993,17227,17621,18087,18599,19107,19862,20300,20567,20864,NA,NA,NA,NA,NA,NA,NA,NA,NA,NA,NA,NA,NA,NA,NA,5.528832863,NA,NA,NA,NA,NA,4.792944785276074,NA,9.585889570552148,NA,95.85889570552148,0,0 Suspected cases
21301,Brimbank,0,0,0,0,0,1,0,0,0,0,0,1,NA,NA,NA,NA,2,1,NA,1,NA,1,1,6,189666,191978,195201,197107,197969,197821,195438,188038,184854,187487,189454,0,0,0,0,0,0.505507504,0,0,0,0,0,0.527242627,NA,NA,NA,NA,1.011015008517801,0.511671221,NA,0.540967466,NA,0.527832614,0.527832614,3.166995682,5.278326137215366,31.66995682,0.472810333,<10 Suspected cases
12701,Bringelly - Green Valley,0,1,0,0,1,0,0,0,0,1,0,NA,2,3,1,3,NA,1,NA,2,1,1,3,14,94410,100032,106434,113983,120704,128426,135845,143807,152878,161965,170887,0,0.999680102,0,0,0.828472959,0,0,0,0,0.617417343,0,NA,1.999360204734485,2.818648176,0.877323811,2.485418876,NA,0.736133093,NA,1.308232708434176,0.617417343,0.585182021,1.755546062602773,8.192548292146272,17.555460626027724,81.92548292146272,2.098825287486594,<10 Suspected cases
30501,Brisbane Inner,3,0,2,0,2,0,2,0,1,1,3,3,4,4,6,3,10,7,2,3,4,8,14,54,67491,69776,72329,76120,80282,84652,88864,89393,93740,99844,104824,4.445037116059919,0,2.765142612230226,0,2.491218454946314,0,2.250630176449406,0,1.066780456582035,1.001562437402348,2.861940013737312,4.445037116059919,5.732630130703967,5.530285224460452,7.882291119285338,3.736827682419471,11.813069980626565,7.877205618,2.237311646325775,3.200341369746107,4.006249749609391,7.631840036632831,13.355720064107455,51.51492024727161,133.55720064107456,515.1492024727161,15.09735095409866,10-29 Suspected cases
30502,Brisbane Inner - East,5,2,1,0,0,0,1,0,1,0,0,5,9,5,8,4,2,4,4,10,5,11,10,67,41654,42269,42822,43453,44122,44822,45336,45079,45757,47181,48286,12.003649109329237,4.731599991,2.335248236887581,0,0,0,2.205752602788071,0,2.185457962716087,0,0,12.003649109329237,21.29219996,11.676241184437906,18.41069661473316,9.065772177145188,4.462094507161662,8.823010411152286,8.873311298,21.85457962716087,10.597486276255273,22.78093029035331,20.70993662759392,138.75657540487927,207.0993662759392,1387.5657540487928,20.375686915345135,10-29 Suspected cases
30503,Brisbane Inner - North,3,1,1,0,0,0,0,0,2,1,1,5,8,4,4,6,4,6,4,7,3,6,9,57,86033,88302,90905,94071,97036,99726,101835,101823,104120,108196,111024,3.487034045075727,1.132477180584811,1.100049502,0,0,0,0,0,1.920860545524395,0.924248586,0.900706154,5.811723408459544,9.059817445,4.400198008910401,4.252107450755281,6.183272188,4.010990112909372,5.891883929886581,3.928385531756087,6.723011909335383,2.772745757698991,5.404236921746649,8.106355382619974,51.34025075659317,81.06355382619974,513.4025075659317,8.309704534605764,<10 Suspected cases
30504,Brisbane Inner - West,5,1,0,0,1,0,2,0,1,0,0,6,2,3,3,2,NA,4,1,3,1,NA,10,25,58144,58390,58896,60063,61048,61895,62215,61361,62102,64443,65676,8.599339571,1.712622024319233,0,0,1.638055300746953,0,3.214658844330146,0,1.610254098,0,0,10.319207484865162,3.425244048638465,5.093724531377343,4.994755506717946,3.276110601493906,NA,6.429317688660292,1.629699646355177,4.830762294290039,1.551758918734386,NA,15.226262257141116,38.06565564285279,152.26262257141116,380.65655642852795,14.831667984213173,10-29 Suspected cases
30901,Broadbeach - Burleigh,0,1,0,0,0,1,2,0,2,0,1,NA,2,NA,NA,NA,3,5,1,4,2,2,7,19,63230,63659,64301,64992,65702,66176,67085,67242,68468,70524,72394,0,1.570869790603057,0,0,0,1.511121856866538,2.981292390251174,0,2.921072618,0,1.381329944470536,NA,3.141739581206114,NA,NA,NA,4.533365570599614,7.453230975627935,1.487165759495553,5.842145236,2.835914015087063,2.762659888941073,9.669309611293754,26.24526894494019,96.69309611293754,262.45268944940193,9.539735040673342,<10 Suspected cases
10502,Broken Hill and Far West,NA,NA,NA,NA,NA,NA,NA,NA,NA,NA,NA,NA,NA,NA,NA,NA,NA,NA,NA,1,NA,NA,NA,1,21292,20978,20693,20527,20410,20253,20106,19992,19862,19938,19840,NA,NA,NA,NA,NA,NA,NA,NA,NA,NA,NA,NA,NA,NA,NA,NA,NA,NA,NA,5.034739703957305,NA,NA,NA,5.040322580645161,NA,50.403225806451616,0,0 Suspected cases
31103,Browns Plains,1,0,0,0,1,0,0,1,1,0,1,1,4,2,2,2,2,2,5,1,1,5,5,27,80288,81401,82754,84718,86671,89392,92273,95375,100194,105848,111625,1.245516141889199,0,0,0,1.153788464422933,0,0,1.048492791612058,0.998063756,0,0.895856663,1.245516141889199,4.913944546135797,2.416801604756265,2.360773389362355,2.307576928845866,2.237336674422767,2.167481278380458,5.242463958060288,0.998063756,0.944750964,4.479283314669653,4.479283314669653,24.188129899216126,44.79283314669653,241.88129899216128,4.947854560783899,<10 Suspected cases
20601,Brunswick - Coburg,2,0,1,0,0,1,0,0,0,0,0,2,NA,2,1,NA,2,2,NA,NA,2,1,4,12,88035,89876,91941,93081,94126,94712,95057,91068,92141,95988,99537,2.271823706480377,0,1.087654039003274,0,0,1.055832418278571,0,0,0,0,0,2.271823706480377,NA,2.175308078006548,1.074333107723381,NA,2.111664836557142,2.104000757440272,NA,NA,2.083593782556153,1.004651536614525,4.018606146458101,12.055818439374303,40.18606146458101,120.55818439374302,3.900300518154924,<10 Suspected cases
31601,Buderim,0,0,0,0,0,0,0,0,0,1,0,NA,1,NA,NA,1,2,NA,1,3,1,NA,1,9,52679,54352,56200,57288,58151,58870,59260,59782,60685,62116,62952,0,0,0,0,0,0,0,0,0,1.609891171356816,0,NA,1.839858698851928,NA,NA,1.719660882873897,3.39731612,NA,1.672744304305644,4.943561011782154,1.609891171356816,NA,1.588511882068878,14.29660694,15.88511882068878,142.9660694,1.556820039387547,<10 Suspected cases
50102,Bunbury,NA,NA,NA,NA,NA,NA,NA,NA,NA,NA,NA,NA,NA,NA,NA,NA,2,1,2,2,NA,1,NA,8,103595,104307,104174,105366,106695,108007,109636,111276,112642,114446,116367,NA,NA,NA,NA,NA,NA,NA,NA,NA,NA,NA,NA,NA,NA,NA,NA,1.851731832196061,0.912109161,1.797332758186851,1.775536655954262,NA,0.859350159,NA,6.874801275275637,NA,68.74801275275637,0,0 Suspected cases
31901,Bundaberg,1,1,0,1,0,0,0,1,1,0,2,3,1,NA,3,2,5,5,8,3,6,6,7,42,88758,88801,89072,90113,91295,92464,93508,94646,96522,98522,100388,1.126659005,1.126113444668416,0,1.109717798763774,0,0,0,1.056568687530376,1.036033235946209,0,1.992269992429374,3.379977016,1.126113444668416,NA,3.329153396291323,2.190700476477354,5.407509949818308,5.347136073918809,8.4525495,3.108099707838627,6.090010353,5.976809977288122,6.972944973502809,41.837669841016854,69.72944974,418.37669841016856,6.835343412535434,<10 Suspected cases
31902,Burnett,0,1,2,0,0,0,0,0,0,0,0,NA,2,4,1,2,2,1,1,2,2,5,3,22,49729,49736,49757,49768,49674,49642,49762,50134,50784,51559,52275,0,2.010616052758565,4.019534939807465,0,0,0,0,0,0,0,0,NA,4.021232105517131,8.03906988,2.009323259926057,4.026251157547208,4.028846541235244,2.009565531931996,1.994654326405234,3.938248267170763,3.879051184080374,9.564801530368245,5.738880918220947,42.08512673362028,57.38880918220947,420.8512673362028,5.426721175066024,<10 Suspected cases
60401,Burnie - Ulverstone,NA,NA,NA,NA,NA,NA,NA,NA,NA,NA,NA,NA,NA,NA,1,NA,1,NA,NA,NA,NA,1,NA,3,49021,48679,48356,48729,49293,49856,50478,51189,51362,51368,51412,NA,NA,NA,NA,NA,NA,NA,NA,NA,NA,NA,NA,NA,NA,2.052166061277679,NA,2.005776636713736,NA,NA,NA,NA,1.945071189605539,NA,5.835213568816619,NA,58.352135688166186,0,0 Suspected cases
40103,Burnside,NA,NA,NA,NA,NA,NA,NA,NA,NA,NA,NA,NA,NA,NA,NA,NA,1,NA,NA,NA,NA,NA,NA,1,44678,44938,45216,45591,45882,46118,46415,46425,46710,47444,47810,NA,NA,NA,NA,NA,NA,NA,NA,NA,NA,NA,NA,NA,NA,NA,NA,2.168350752417711,NA,NA,NA,NA,NA,NA,2.091612633340305,NA,20.916126333403053,0,0 Suspected cases
31302,Caboolture,8,1,0,0,1,0,1,0,0,0,0,10,2,NA,1,2,1,4,NA,NA,3,1,11,24,66710,68137,69586,71732,73930,76433,78885,81214,84585,88328,91946,11.99220506670664,1.467631389700163,0,0,1.352630867036386,0,1.267668124,0,0,0,0,14.990256333383302,2.935262779400326,NA,1.394077956839346,2.705261734072772,1.308335404864391,5.070672497940039,NA,NA,3.396431482655557,1.087594892654384,11.963543819198225,26.10227742370522,119.63543819198226,261.0227742370522,12.918591732571057,10-29 Suspected cases
31303,Caboolture Hinterland,2,1,1,2,1,0,0,2,0,0,1,2,1,1,2,4,4,2,5,NA,1,4,10,26,13013,13360,13621,14007,14164,14409,14724,15108,15535,16028,16536,15.369246138476907,7.485029940119761,7.341604874825637,14.278574998215177,7.060152499293985,0,0,13.238019592268996,0,0,6.047411707789066,15.369246138476907,7.485029940119761,7.341604874825637,14.278574998215177,28.24060999717594,27.760427510583664,13.583265417006247,33.09504898067249,NA,6.239081607187423,24.189646831156264,60.47411707789067,157.23270440251574,604.7411707789066,1572.3270440251574,62.30335503566867,30-99 Suspected cases
30601,Cairns - North,0,0,0,0,0,0,1,1,0,0,1,5,3,NA,NA,NA,2,3,2,4,3,6,3,28,52360,53223,54297,55430,56440,57291,58114,58571,59912,61524,62644,0,0,0,0,0,0,1.720755755928004,1.707329565826092,0,0,1.596322073941639,9.549274255156607,5.636660842,NA,NA,NA,3.490949712869386,5.162267267784011,3.414659131652183,6.676458806249166,4.876145894285157,9.577932444,4.788966221824915,44.69701807036588,47.88966221824915,446.9701807036588,4.763371577914469,<10 Suspected cases
30602,Cairns - South,0,1,0,0,1,1,1,2,1,3,3,1,2,1,3,2,7,4,6,8,10,26,13,70,102683,103230,103784,104844,105700,106253,106932,106973,108335,110137,111695,0,0.968710646,0,0,0.946073794,0.941149897,0.935173755,1.869630654464211,0.923062722,2.723880258223848,2.685885670799946,0.97387104,1.937421292260002,0.963539659,2.861394071191484,1.892147587511826,6.588049278608604,3.740695021134927,5.608891963392632,7.384501777,9.079600860746162,23.277675813599537,11.638837906799768,62.670665651998746,116.38837906799768,626.7066565199874,11.105738591416461,10-29 Suspected cases
31602,Caloundra,4,2,0,0,0,2,2,0,1,1,0,6,8,5,2,2,4,6,6,3,3,4,12,49,78718,80551,82845,85463,88289,91346,94569,97297,100148,103071,106532,5.081429914377906,2.482899032910827,0,0,0,2.189477371751363,2.114857934418255,0,0.998522187,0.970205004,0,7.622144871566858,9.931596131643307,6.035367252097291,2.340194002082773,2.265287861454994,4.378954743502725,6.344573803254766,6.166685509316834,2.995566561488996,2.910615012952237,3.754740359704126,11.26422107911238,45.99556940637555,112.6422107911238,459.95569406375546,11.89497922839252,10-29 Suspected cases
12301,Camden,NA,NA,NA,NA,NA,NA,NA,NA,NA,NA,NA,1,1,NA,NA,1,NA,1,1,1,1,2,NA,9,59255,61796,64140,66605,68846,71013,72657,73973,74972,76342,77749,NA,NA,NA,NA,NA,NA,NA,NA,NA,NA,NA,1.687621297780778,1.618227717004337,NA,NA,1.452517212328966,NA,1.376329878745338,1.351844592,1.333831297017553,1.309894946425297,2.572380352,NA,11.575711584714917,NA,115.75711584714915,0,0 Suspected cases
21601,Campaspe,0,0,0,0,1,0,0,0,0,0,0,1,NA,NA,1,1,1,NA,NA,NA,NA,NA,1,4,37496,37585,37748,37950,38100,38282,38536,38714,38718,38460,38317,0,0,0,0,2.624671916010499,0,0,0,0,0,0,2.666951141455089,NA,NA,2.635046113306983,2.624671916010499,2.612193720286296,NA,NA,NA,NA,NA,2.609807657175666,10.439230628702665,26.098076571756664,104.39230628702666,2.381485380061252,<10 Suspected cases
12302,Campbelltown (NSW),1,1,0,0,0,0,0,0,0,0,0,3,3,NA,2,2,5,3,5,7,7,6,2,43,157593,159921,162938,166528,170217,173644,177092,179152,181889,186390,189943,0.634545951,0.625308746,0,0,0,0,0,0,0,0,0,1.903637851935048,1.875926238580299,NA,1.200999231360492,1.174970772602032,2.879454516136463,1.694034739005714,2.790926140930607,3.848501009,3.7555662857449428,3.158842389558973,1.052947463186324,22.638370458505975,10.529474631863243,226.38370458505975,1.049699602216336,<10 Suspected cases
40104,Campbelltown (SA),NA,NA,NA,NA,NA,NA,NA,NA,NA,NA,NA,NA,NA,NA,NA,NA,NA,NA,NA,NA,NA,NA,NA,NA,51068,51289,51445,52084,52821,54024,55281,55832,56394,57550,58400,NA,NA,NA,NA,NA,NA,NA,NA,NA,NA,NA,NA,NA,NA,NA,NA,NA,NA,NA,NA,NA,NA,NA,NA,NA,NA,0,No data
12001,Canada Bay,0,0,0,0,1,1,0,0,1,0,0,2,2,2,2,6,7,8,7,7,7,2,3,52,86208,87904,89738,90086,90016,89889,89181,87181,86738,88731,89946,0,0,0,0,1.110913615,1.112483173691998,0,0,1.152897230740852,0,0,2.319970304380104,2.275209319257371,2.228710245380998,2.220100792575983,6.665481692,7.787382215843985,8.970520626590867,8.029272433213658,8.070280615185963,7.889012859,2.223556356035844,3.335334534053766,57.81246525693194,33.35334534053766,578.1246525693194,3.074974016469561,<10 Suspected cases
80103,Canberra East,0,1,0,0,0,0,0,0,0,1,2,1,2,NA,1,1,3,1,2,NA,5,9,4,25,1507,1523,1566,1604,1670,1739,1841,1928,1969,2004,2009,0,65.65988181221273,0,0,0,0,0,0,0,49.9001996,99.55201592832255,66.35700066,131.31976362442546,NA,62.34413965087282,59.880239520958085,172.51293847038528,54.318305268875605,103.7344398340249,NA,249.500998,447.9840716774514,199.1040318566451,1244.4001991040318,1991.0403185664509,12444.001991040319,206.61157024793388,No data
50603,Canning,NA,NA,NA,NA,NA,NA,NA,NA,NA,NA,NA,NA,1,NA,1,NA,NA,NA,2,4,NA,1,NA,9,97429,97580,97319,97922,98607,99907,102163,102728,103172,107379,110842,NA,NA,NA,NA,NA,NA,NA,NA,NA,NA,NA,NA,1.024800163968026,NA,1.021220971793877,NA,NA,NA,1.946888872,3.877020897142636,NA,0.902185092,NA,8.119665830641814,NA,81.19665830641814,0,0 Suspected cases
11902,Canterbury,1,0,1,0,0,0,0,0,0,0,1,1,2,3,3,4,4,1,2,6,2,6,3,34,138312,140086,141783,143359,144154,144897,144515,141730,141126,144858,146381,0.723003066,0,0.705303175,0,0,0,0,0,0,0,0.683148769,0.723003066,1.427694416287138,2.115909523708766,2.092648525729114,2.774810272347628,2.760581654554615,0.691969692,1.411133846045297,4.251519918370818,1.380662441839595,4.098892615844953,2.049446307922477,23.22705815645473,20.494463079224765,232.2705815645473,1.909367420209126,<10 Suspected cases
30101,Capalaba,5,2,1,0,1,4,0,0,0,1,1,9,6,3,6,3,5,2,4,1,4,5,15,48,73642,74023,74300,75017,75237,75325,75037,74516,74712,75713,76556,6.789603758724642,2.701862934493333,1.345895020188425,0,1.329133272193203,5.310321938267507,0,0,0,1.320777145272278,1.306233345524844,12.221286765704352,8.105588803,4.037685060565276,7.998187077595745,3.987399816579609,6.637902422834384,2.665351759798499,5.367974663,1.338473069921833,5.283108581089113,6.531166727624222,19.593500182872667,62.69920058519254,195.93500182872668,626.9920058519255,18.20216047510066,10-29 Suspected cases
21201,Cardinia,0,0,0,1,0,0,0,0,0,0,0,NA,NA,NA,1,1,1,1,NA,2,NA,2,1,8,88250,92476,97736,102414,107103,112155,116662,119721,123343,127118,130536,0,0,0,0.976429004,0,0,0,0,0,0,0,NA,NA,NA,0.976429004,0.933680663,0.8916232,0.857177144,NA,1.621494531509693,NA,1.532144389287247,0.766072195,6.1285775571489864,7.660721946436233,61.285775571489864,0.821345792,<10 Suspected cases
30301,Carindale,NA,NA,NA,NA,NA,NA,NA,NA,NA,NA,NA,NA,NA,NA,NA,NA,NA,NA,1,NA,NA,2,NA,3,50872,51626,52426,53216,53837,54419,54944,55098,55656,57003,58034,NA,NA,NA,NA,NA,NA,NA,NA,NA,NA,NA,NA,NA,NA,NA,NA,NA,NA,1.814947910994954,NA,NA,3.446255643243616,NA,5.169383464865423,NA,51.69383464865424,0,0 Suspected cases
12502,Carlingford,0,3,1,1,1,1,0,1,2,5,4,NA,5,2,8,5,10,2,4,4,7,9,19,56,65724,67286,68884,70944,72641,74111,74749,74358,74980,76881,78354,0,4.458579793716375,1.451715928227164,1.409562472,1.376633030932944,1.349327360310885,0,1.344845208316523,2.667377967457988,6.503557446,5.105036118130536,NA,7.430966322860625,2.903431856454329,11.276499774470004,6.883165154664721,13.49327360310885,2.675621078542857,5.379380833266091,5.334755934915977,9.104980424292087,11.486331265793705,24.248921561120046,71.47050565,242.48921561120045,714.7050565,23.782343987823438,10-29 Suspected cases
21202,Casey - North,0,0,0,0,0,0,0,0,0,1,1,NA,NA,2,2,NA,3,3,2,2,6,1,2,21,133489,135039,137253,138837,140036,140938,141036,138661,138933,141809,144349,0,0,0,0,0,0,0,0,0,0.705173861,0.69276545,NA,NA,1.457163049259397,1.440538185065941,NA,2.128595552654359,2.127116480898494,1.442366635174995,1.439542801206337,4.231043163692008,0.69276545,1.385530900802915,14.54807445843061,13.85530900802915,145.4807445843061,1.306864961643513,<10 Suspected cases
21203,Casey - South,NA,NA,NA,NA,NA,NA,NA,NA,NA,NA,NA,NA,NA,NA,NA,NA,1,1,NA,NA,2,1,NA,5,154448,164489,175536,186109,198051,211068,222934,230897,240171,250301,261066,NA,NA,NA,NA,NA,NA,NA,NA,NA,NA,NA,NA,NA,NA,NA,NA,0.473780962,0.448563252,NA,NA,0.799037958,0.383044901,NA,1.915224502616197,NA,19.152245026161967,0,0 Suspected cases
30401,Centenary,3,1,0,1,0,0,0,1,0,2,0,4,5,2,2,2,2,2,5,1,4,3,8,32,34265,34220,34073,34031,33891,33769,33732,33397,33284,33613,33928,8.755289654,2.922267679719463,0,2.938497252505069,0,0,0,2.994280923436237,0,5.950078838544611,0,11.673719538888077,14.61133839859731,5.869750242127197,5.876994505010138,5.901271724056534,5.922591726139359,5.929088106249258,14.971404617181182,3.004446580939791,11.900157677089222,8.842254185333648,23.57934449422306,94.31737797689225,235.79344494223062,943.1737797689225,21.49364728387466,10-29 Suspected cases
30801,Central Highlands (Qld),1,0,0,0,0,0,1,0,0,0,0,1,NA,1,1,1,NA,2,4,2,NA,2,2,14,30588,30132,29689,29570,29571,29579,29544,29338,29589,30054,30434,3.269255917,0,0,0,0,0,3.38478202,0,0,0,0,3.269255917,NA,3.368250867324598,3.381805884342239,3.381691522099354,NA,6.769564040075819,13.634194559956372,6.759268647132381,NA,6.571597555,6.571597555,46.00118288755996,65.71597555365709,460.01182887559963,6.095925483406891,<10 Suspected cases
60301,Central Highlands (Tas.),NA,NA,NA,NA,NA,NA,NA,NA,NA,NA,NA,NA,NA,NA,NA,NA,NA,1,NA,NA,NA,NA,NA,1,11492,11393,11328,11469,11747,12111,12452,12747,12837,12878,12953,NA,NA,NA,NA,NA,NA,NA,NA,NA,NA,NA,NA,NA,NA,NA,NA,NA,8.03083842,NA,NA,NA,NA,NA,7.720219254,NA,77.20219254226821,0,0 Suspected cases
40401,Charles Sturt,NA,NA,NA,NA,NA,NA,NA,NA,NA,NA,NA,NA,NA,1,2,NA,NA,NA,NA,NA,NA,NA,NA,3,109760,111005,111818,113136,114824,116758,118720,119680,121440,123910,125592,NA,NA,NA,NA,NA,NA,NA,NA,NA,NA,NA,NA,NA,0.894310397,1.767783906095319,NA,NA,NA,NA,NA,NA,NA,NA,2.388687177527231,NA,23.88687177527231,0,0 Suspected cases
31801,Charters Towers - Ayr - Ingham,0,0,0,1,0,0,1,0,0,0,0,1,NA,NA,1,NA,1,1,1,3,2,1,2,11,43948,43478,42907,42612,42307,42011,41926,41877,42082,42320,42642,0,0,0,2.346756782,0,0,2.385154796546296,0,0,0,0,2.275416401,NA,NA,2.346756782,NA,2.380328961462474,2.385154796546296,2.387945650356998,7.128938738653106,4.725897920604915,2.345105764269968,4.690211528539937,25.796163406969654,46.90211528539937,257.9616340696966,4.272500053406251,<10 Suspected cases
12101,Chatswood - Lane Cove,3,3,5,6,7,7,3,6,6,5,7,10,5,7,13,23,23,12,23,16,26,26,58,184,111142,114265,117589,119578,120241,120918,121009,118072,118130,121917,124750,2.699249608608806,2.625475867500985,4.252098410565615,5.017645386275068,5.821641537,5.789047123,2.479154443057955,5.081645097906363,5.079150088885126,4.101150782909684,5.611222445,8.997498695362689,4.375793112501641,5.952937774791859,10.871565003595979,19.128250763050872,19.021154832200335,9.916617772231819,19.47963954197439,13.544400237027006,21.32598407113036,20.841683366733466,46.49298597194389,147.4949899799599,464.92985971943887,1474.949899799599,44.35569905728845,30-99 Suspected cases
30202,Chermside,1,0,1,0,0,0,0,0,0,0,1,2,1,1,2,2,1,3,1,1,2,3,3,19,70589,71139,71757,72759,73745,74587,75318,75363,76171,77531,79106,1.416651319610704,0,1.393592262775757,0,0,0,0,0,0,0,1.264126615,2.833302639221408,1.405698702540098,1.393592262775757,2.748800835635454,2.712048274459285,1.340716210599702,3.983111606787222,1.326911083688282,1.312835593598614,2.579613315963937,3.792379844765251,3.792379844765251,24.01840568351326,37.923798447652516,240.1840568351326,3.667190259942669,<10 Suspected cases
90101,Christmas Island,NA,NA,NA,NA,NA,NA,NA,NA,NA,NA,NA,NA,NA,NA,NA,NA,NA,NA,NA,NA,NA,NA,NA,NA,1979,1929,1903,1876,1848,1803,1758,1717,1786,1823,1865,NA,NA,NA,NA,NA,NA,NA,NA,NA,NA,NA,NA,NA,NA,NA,NA,NA,NA,NA,NA,NA,NA,NA,NA,NA,NA,0,No data
10401,Clarence Valley,1,0,3,1,1,0,1,2,2,2,1,2,4,7,5,4,4,6,6,8,6,4,14,56,51084,51135,51215,51534,51877,52170,52448,53760,54217,54881,55716,1.957560097094981,0,5.857658888997364,1.940466488,1.927636524856873,0,1.906650396583282,3.720238095238096,3.688879872,3.644248464860334,1.794816569746572,3.915120194189961,7.822430820377432,13.667870740993848,9.702332440718749,7.710546099427491,7.667241709794901,11.439902379499696,11.160714285714285,14.755519486507922,10.932745394581003,7.179266278986288,25.127431976452005,100.50972790580802,251.27431976452004,1005.0972790580802,24.136391299175745,10-29 Suspected cases
30102,Cleveland - Stradbroke,1,4,1,1,1,1,1,3,1,2,4,3,11,4,9,7,4,2,8,3,6,7,20,64,82974,83860,85664,87370,89389,91347,93047,94836,96702,98926,101572,1.205196808638851,4.769854519437157,1.167351512887561,1.144557628476594,1.118705881036817,1.094726701478976,1.074725676271132,3.163355687713527,1.034104775495853,2.021713199765482,3.938093175284528,3.615590425916552,13.117099928452184,4.669406051550243,10.301018656289346,7.830941167257715,4.378906805915904,2.149451352542263,8.435615167,3.102314326,6.065139599296444,6.891663056747923,19.690465876422635,63.00949080455244,196.90465876422635,630.0949080455244,19.886903181606204,10-29 Suspected cases
50701,Cockburn,NA,NA,NA,NA,NA,NA,NA,NA,NA,NA,NA,2,NA,NA,1,NA,NA,2,NA,6,NA,2,NA,13,102376,104258,105751,107947,110458,113165,116658,119882,122960,127948,132734,NA,NA,NA,NA,NA,NA,NA,NA,NA,NA,NA,1.953582870985387,NA,NA,0.926380539,NA,NA,1.714413070685251,NA,4.879635653871177,NA,1.506772944385011,NA,9.794024138502568,NA,97.94024138502569,0,0 Suspected cases
90102,Cocos (Keeling) Islands,NA,NA,NA,NA,NA,NA,NA,NA,NA,NA,NA,NA,NA,NA,NA,NA,NA,NA,NA,NA,NA,NA,NA,NA,556,555,546,552,553,591,608,603,616,631,625,NA,NA,NA,NA,NA,NA,NA,NA,NA,NA,NA,NA,NA,NA,NA,NA,NA,NA,NA,NA,NA,NA,NA,NA,NA,NA,0,No data
10402,Coffs Harbour,19,13,21,29,41,37,31,35,51,66,88,24,28,30,46,61,65,52,68,75,119,148,431,716,86362,87090,88031,89148,90317,91290,92006,92436,93428,94162,94847,22.000416850003475,14.927086921575382,23.855232815712647,32.53017454121236,45.39566194625596,40.53017855186767,33.69345477468861,37.864035657103294,54.58748983174209,70.09196915953358,92.78100519784495,27.79000023158334,32.15064875416236,34.078904022446636,51.59958720330237,67.53988728589302,71.20166502355133,56.51805317044541,73.56441213380069,80.27572034079719,126.37794439370447,156.04078146910288,454.4160595485361,754.8999968370113,4544.160595485361,7548.999968370113,431.38090934294985,>300 Suspected cases
21703,Colac - Corangamite,NA,NA,NA,NA,NA,NA,NA,NA,NA,NA,NA,NA,NA,NA,NA,NA,NA,2,1,NA,NA,1,NA,4,37473,37512,37619,37835,38017,38171,38342,38299,38159,38184,38110,NA,NA,NA,NA,NA,NA,NA,NA,NA,NA,NA,NA,NA,NA,NA,NA,NA,5.216211986855146,2.611034230658764,NA,NA,2.623983206507478,NA,10.495932826029913,NA,104.95932826029913,0,0 Suspected cases
30902,Coolangatta,1,0,0,0,0,2,2,1,1,3,3,2,1,1,NA,1,4,3,1,1,4,7,13,25,53886,54378,55111,55682,56317,57167,57987,58186,58828,60298,61846,1.855769587647998,0,0,0,0,3.498521875,3.449048924758997,1.718626473722201,1.699870809818454,4.975289395999868,4.850758335219739,3.711539175295995,1.838978998859833,1.814519787338281,NA,1.775662766127457,6.997043749,5.173573387138497,1.718626473722201,1.699870809818454,6.633719195,11.318436115512725,21.019952785952203,40.42298612683116,210.19952785952205,404.2298612683116,20.645210469980277,10-29 Suspected cases
50301,Cottesloe - Claremont,NA,NA,NA,NA,NA,NA,NA,NA,NA,NA,NA,NA,NA,NA,NA,NA,NA,2,NA,NA,NA,1,NA,3,71478,71417,71127,71775,72378,72973,74181,74147,74815,77712,80258,NA,NA,NA,NA,NA,NA,NA,NA,NA,NA,NA,NA,NA,NA,NA,NA,NA,2.696108167859695,NA,NA,NA,1.245981708988512,NA,3.737945126965536,NA,37.37945126965536,0,0 Suspected cases
20102,Creswick - Daylesford - Ballan,NA,NA,NA,NA,NA,NA,NA,NA,NA,NA,NA,NA,NA,NA,1,NA,1,NA,NA,NA,NA,1,NA,3,28119,28394,28730,29124,29569,30012,30473,30788,30892,31119,31498,NA,NA,NA,NA,NA,NA,NA,NA,NA,NA,NA,NA,NA,NA,3.433594286499107,NA,3.332000533120085,NA,NA,NA,NA,3.174804749507905,NA,9.524414248523716,NA,95.24414248523716,0,0 Suspected cases
12801,Cronulla - Miranda - Caringbah,1,0,2,2,1,0,0,0,0,0,1,2,2,2,5,2,5,3,3,2,6,5,7,37,112437,113534,114494,115156,115827,116654,117585,118252,119113,121298,123132,0.889386946,0,1.746816427,1.736774462468304,0.863356558,0,0,0,0,0,0.812136569,1.778773891156826,1.761586837423151,1.746816427,4.341936156170759,1.726713115249467,4.286179642,2.551345834927925,2.536954977505666,1.679077850444536,4.946495408,4.060682844427119,5.684955982197966,30.04905304876068,56.84955982197966,300.4905304876068,5.436969216,<10 Suspected cases
70203,Daly - Tiwi - West Arnhem,NA,NA,NA,NA,NA,NA,NA,NA,NA,NA,NA,NA,NA,NA,NA,NA,NA,NA,NA,NA,NA,1,NA,1,18234,18133,17949,17884,17842,17874,17963,18000,18121,18265,18374,NA,NA,NA,NA,NA,NA,NA,NA,NA,NA,NA,NA,NA,NA,NA,NA,NA,NA,NA,NA,NA,5.442473059758354,NA,5.442473059758354,NA,54.42473059758354,0,0 Suspected cases
21204,Dandenong,1,1,0,0,0,0,0,0,0,0,0,1,1,1,NA,3,1,3,NA,3,4,3,2,20,188015,192095,196452,199314,201542,203380,202670,195868,195300,200879,204942,0.531872457,0.520575757,0,0,0,0,0,0,0,0,0,0.531872457,0.520575757,0.509030196,NA,1.488523483938832,0.491690432,1.480238811861647,NA,1.536098310291859,1.991248463005093,1.463828790584653,0.97588586,9.758858603897687,9.758858604,97.58858603897689,0.917238909,<10 Suspected cases
10701,Dapto - Port Kembla,0,0,1,1,0,0,0,0,1,1,0,NA,NA,1,1,NA,1,2,NA,1,1,3,4,10,76451,77094,77623,78243,78703,79102,79395,79871,80670,81579,82396,0,0,1.288277958852402,1.278069603670616,0,0,0,0,1.239618197595141,1.225805660770541,0,NA,NA,1.288277958852402,1.278069603670616,NA,1.264190538798007,2.519050318030103,NA,1.239618197595141,1.225805660770541,3.640953444341958,4.854604592455944,12.136511481139861,48.546045924559444,121.36511481139861,4.591752982056577,<10 Suspected cases
20902,Darebin - North,NA,NA,NA,NA,NA,NA,NA,NA,NA,NA,NA,NA,2,NA,1,NA,NA,4,NA,2,NA,3,NA,12,96031,97594,99690,100691,101070,101067,100657,96421,96624,100288,103420,NA,NA,NA,NA,NA,NA,NA,NA,NA,NA,NA,NA,2.049306309814128,NA,0.99313742,NA,NA,3.973891532630617,NA,2.069879119059447,NA,2.900792883388126,NA,11.603171533552505,NA,116.03171533552504,0,0 Suspected cases
20602,Darebin - South,NA,NA,NA,NA,NA,NA,NA,NA,NA,NA,NA,1,1,1,NA,NA,1,NA,NA,NA,NA,NA,NA,4,53480,54380,55436,55834,56033,56231,56399,53875,53981,55395,56543,NA,NA,NA,NA,NA,NA,NA,NA,NA,NA,NA,1.869857890800299,1.838911364472233,1.803881953964932,NA,NA,1.778378474506945,NA,NA,NA,NA,NA,NA,7.074262066038236,NA,70.74262066038236,0,0 Suspected cases
30702,Darling Downs - East,4,2,0,0,0,0,0,0,1,0,1,4,3,2,3,2,2,3,2,1,5,4,8,31,42776,42748,42836,43100,43247,43375,43377,43418,43694,44295,44607,9.351037965,4.678581454103116,0,0,0,0,0,0,2.288643749713919,0,2.241800614253369,9.351037965,7.017872181154674,4.668970025212438,6.960556844547564,4.624598238028072,4.610951008645533,6.916107614634484,4.606384448846101,2.288643749713919,11.287955751213454,8.967202457013475,17.93440491402695,69.49581904185442,179.34404914026948,694.9581904185442,16.754874097592953,10-29 Suspected cases
30701,Darling Downs (West) - Maranoa,NA,NA,NA,NA,NA,NA,NA,NA,NA,NA,NA,2,3,4,1,3,3,2,4,4,4,2,NA,32,45271,45154,44866,44947,44810,44757,44780,44716,44956,45337,45687,NA,NA,NA,NA,NA,NA,NA,NA,NA,NA,NA,4.417839234830244,6.643929662931303,8.915437079302812,2.224842592386589,6.694934166480696,6.702862122126148,4.466279589102278,8.945343948,8.897588753447815,8.822815802,4.377612887692341,NA,70.04180620307746,NA,700.4180620307745,0,0 Suspected cases
70101,Darwin City,NA,NA,NA,NA,NA,NA,NA,NA,NA,NA,NA,NA,NA,NA,NA,NA,1,NA,2,2,2,4,NA,11,26982,27910,28574,29179,28803,28519,28560,28507,28423,28735,29076,NA,NA,NA,NA,NA,NA,NA,NA,NA,NA,NA,NA,NA,NA,NA,NA,3.506434306953259,NA,7.015820675623532,7.036554902719629,6.960153123368714,13.757050488375292,NA,37.831888843032054,NA,378.3188884303205,0,0 Suspected cases
70102,Darwin Suburbs,0,0,0,0,0,0,0,0,0,2,1,NA,NA,NA,1,2,NA,2,1,1,5,4,3,16,57467,57499,57645,58111,57929,57774,57677,57630,57776,58120,58532,0,0,0,0,0,0,0,0,0,3.441156228492774,1.708467163261122,NA,NA,NA,1.720844591,3.452502200970153,NA,3.467586733013159,1.735207357279195,1.730822486845749,8.602890571231933,6.833868653044489,5.125401489783367,27.335474612177954,51.25401489783366,273.35474612177956,4.715794769,<10 Suspected cases
60402,Devonport,0,0,0,0,0,0,0,1,0,2,0,NA,NA,NA,NA,NA,NA,2,2,1,3,4,3,12,44965,44952,45104,45813,46701,47629,48541,49544,49866,50113,50338,0,0,0,0,0,0,0,2.018407879864363,0,3.990980384331411,0,NA,NA,NA,NA,NA,NA,4.120228261,4.036815759728726,2.005374403401115,5.986470576497116,7.946283126067782,5.959712344550836,23.838849378203346,59.597123445508366,238.38849378203346,5.729936626900907,<10 Suspected cases
10503,Dubbo,0,0,1,0,0,0,0,0,0,0,0,1,1,1,2,1,1,3,4,1,2,3,1,20,70357,70717,71144,72150,73180,73919,74469,74846,75185,75863,76236,0,0,1.405599910041606,0,0,0,0,0,0,0,0,1.421322682888696,1.414087136049323,1.405599910041606,2.772002772002772,1.366493577480186,1.352832154114639,4.028521935301938,5.344306976992758,1.330052537075215,2.636331281,3.935148748622698,1.311716249540899,26.23432499081799,13.117162495408992,262.34324990817987,1.237522677603067,<10 Suspected cases
11502,Dural - Wisemans Ferry,3,5,1,5,4,1,5,6,4,2,5,5,8,2,9,7,5,7,12,9,4,10,41,78,26738,26875,27016,27488,27787,27943,28043,28034,28008,28228,28423,11.219986536016156,18.604651162790695,3.701510216168197,18.189755529685684,14.395220786698816,3.578713810256594,17.829761437791962,21.402582578297782,14.281633818908883,7.085163667280714,17.59138725679907,18.69997756002693,29.767441860465116,7.403020432336393,32.741559953434226,25.191636376722926,17.89356905128297,24.96166601290875,42.805165156595564,32.13367609254499,14.170327334561428,35.18277451359814,144.2493755057524,274.4256412060655,1442.493755057524,2744.2564120606553,134.6102704353165,100-299 Suspected cases
70204,East Arnhem,NA,NA,NA,NA,NA,NA,NA,NA,NA,NA,NA,NA,NA,NA,NA,NA,NA,NA,NA,NA,NA,NA,NA,NA,15795,14764,14557,14469,14440,14470,14484,14507,14597,14679,14724,NA,NA,NA,NA,NA,NA,NA,NA,NA,NA,NA,NA,NA,NA,NA,NA,NA,NA,NA,NA,NA,NA,NA,NA,NA,NA,0,No data
51002,East Pilbara,NA,NA,NA,NA,NA,NA,NA,NA,NA,NA,NA,NA,NA,NA,NA,NA,NA,NA,NA,NA,NA,NA,NA,NA,27797,26916,26017,25877,25962,26222,26648,27044,27342,27648,27851,NA,NA,NA,NA,NA,NA,NA,NA,NA,NA,NA,NA,NA,NA,NA,NA,NA,NA,NA,NA,NA,NA,NA,NA,NA,NA,0,No data
11801,Eastern Suburbs - North,1,0,4,2,2,1,1,0,5,4,1,3,8,7,10,13,7,8,10,7,11,15,21,99,133604,134520,135468,135914,135506,134820,133183,128419,127943,131308,133328,0.748480584,0,2.952726843239732,1.471518754506526,1.475949404454415,0.741729714,0.75084658,0,3.907990276920191,3.046272885,0.750030001,2.245441753240921,5.947071067499257,5.167271976,7.357593773,9.593671129,5.192107995846314,6.006772636147256,7.787009710401108,5.471186387688268,8.377250434093886,11.25045001800072,15.750630025201007,74.25297011880475,157.50630025201008,742.5297011880475,14.344134922299187,10-29 Suspected cases
11802,Eastern Suburbs - South,0,0,2,1,0,0,0,0,0,1,2,1,NA,2,3,2,6,4,2,6,6,11,6,43,144807,146899,148912,149092,147544,145279,142490,135210,135741,141831,144589,0,0,1.343075104759858,0.6707268,0,0,0,0,0,0.705064478,1.383231089501968,0.690574351,NA,1.343075104759858,2.012180399,1.355527842541886,4.129984374892448,2.807214541371324,1.479180533984173,4.420182553539461,4.230386868879159,7.607770992260821,4.149693268505903,29.739468424292305,41.49693268505903,297.39468424292306,3.791723173874522,<10 Suspected cases
51101,Esperance,NA,NA,NA,NA,NA,NA,NA,NA,NA,NA,NA,NA,NA,NA,NA,NA,NA,NA,NA,NA,NA,NA,NA,NA,16662,16641,16291,16270,16189,16245,16351,16557,16707,16828,16842,NA,NA,NA,NA,NA,NA,NA,NA,NA,NA,NA,NA,NA,NA,NA,NA,NA,NA,NA,NA,NA,NA,NA,NA,NA,NA,0,No data
20603,Essendon,NA,NA,NA,NA,NA,NA,NA,NA,NA,NA,NA,NA,NA,1,NA,NA,1,NA,NA,NA,NA,2,NA,4,67305,68764,70335,71184,71730,71999,72376,69421,69463,72005,74369,NA,NA,NA,NA,NA,NA,NA,NA,NA,NA,NA,NA,NA,1.421767256700078,NA,NA,1.388908179280268,NA,NA,NA,NA,2.689292581586414,NA,5.378585163172827,NA,53.78585163172827,0,0 Suspected cases
40601,Eyre Peninsula and South West,NA,NA,NA,NA,NA,NA,NA,NA,NA,NA,NA,NA,NA,NA,NA,NA,NA,NA,NA,NA,1,NA,NA,1,58431,58515,58415,58342,58319,58462,58618,58861,58953,59207,59406,NA,NA,NA,NA,NA,NA,NA,NA,NA,NA,NA,NA,NA,NA,NA,NA,NA,NA,NA,NA,1.688989477595555,NA,NA,1.683331650001683,NA,16.833316500016835,0,0 Suspected cases
12702,Fairfield,0,0,1,0,0,0,0,0,0,0,1,NA,NA,4,2,3,4,4,4,6,6,5,2,38,188654,190208,192241,195458,197601,198933,198451,195725,193442,196147,198113,0,0,0.520180399,0,0,0,0,0,0,0,0.504762434,NA,NA,2.080721594248886,1.023237728821537,1.518210940228035,2.010727229770827,2.015610906470615,2.043683739941244,3.101704903795453,3.058930292076861,2.523812167803223,1.009524867121289,19.18097248,10.095248671212893,191.8097248,0.932412669,<10 Suspected cases
31501,Far North,0,0,0,0,0,0,1,0,1,1,0,NA,NA,NA,NA,1,NA,4,2,2,3,6,3,18,32583,33091,33617,33548,33430,33284,33161,33057,33149,33463,33703,0,0,0,0,0,0,3.015590603,0,3.016682252858307,2.988375220392673,0,NA,NA,NA,NA,2.991325157044571,NA,12.062362413678718,6.050155791511632,6.033364505716613,8.965125661178018,17.802569504198438,8.901284752099219,53.40770851259531,89.01284752,534.0770851259532,8.194795758373715,<10 Suspected cases
40701,Fleurieu - Kangaroo Island,NA,NA,NA,NA,NA,NA,NA,NA,NA,NA,NA,NA,NA,NA,NA,NA,NA,NA,3,NA,1,1,NA,5,50053,50945,51685,52370,53146,54054,55129,56616,57546,58417,59364,NA,NA,NA,NA,NA,NA,NA,NA,NA,NA,NA,NA,NA,NA,NA,NA,NA,NA,5.298855447,NA,1.7118304603112111,1.684522606293376,NA,8.422613031466883,NA,84.22613031466882,0,0 Suspected cases
31001,Forest Lake - Oxley,2,0,0,1,0,0,0,0,0,0,0,4,3,1,1,NA,2,1,2,NA,1,2,3,17,71565,73163,75122,76557,77855,78832,79505,80183,81016,83555,85221,2.794662195207154,0,0,1.306216283292188,0,0,0,0,0,0,0,5.589324390414308,4.100433279116493,1.331167966774048,1.306216283292188,NA,2.537040795615993,1.257782529400667,2.494294301784667,NA,1.196816468194603,2.346839394046069,3.520259091069102,19.948134849391582,35.20259091069102,199.48134849391582,3.477962470466302,<10 Suspected cases
21401,Frankston,0,1,0,0,0,0,0,0,0,0,0,1,3,NA,1,2,5,1,3,3,8,3,1,30,136181,137790,139502,140601,141531,141970,142191,140824,141161,142826,144615,0,0.725742071,0,0,0,0,0,0,0,0,0,0.734316828,2.177226213803614,NA,0.711232495,1.413117974154072,3.521870817778404,0.703279392,2.130318695676873,2.125232890104207,5.601221066,2.074473602,0.691491201,20.744736023234104,6.914912007744702,207.44736023234103,0.645497782,<10 Suspected cases
50702,Fremantle,NA,NA,NA,NA,NA,NA,NA,NA,NA,NA,NA,NA,NA,NA,NA,NA,1,NA,1,1,NA,1,NA,4,38395,38444,38341,38959,39438,39961,40686,41348,42009,43533,44872,NA,NA,NA,NA,NA,NA,NA,NA,NA,NA,NA,NA,NA,NA,NA,NA,2.502439879,NA,2.418496662474606,2.380442286176772,NA,2.228561240862899,NA,8.914244963451596,NA,89.14244963451596,0,0 Suspected cases
51102,Gascoyne,NA,NA,NA,NA,NA,NA,NA,NA,NA,NA,NA,NA,NA,NA,NA,NA,NA,NA,NA,NA,NA,NA,NA,NA,9891,9836,9746,9740,9743,9752,9884,9971,10107,10324,10530,NA,NA,NA,NA,NA,NA,NA,NA,NA,NA,NA,NA,NA,NA,NA,NA,NA,NA,NA,NA,NA,NA,NA,NA,NA,NA,0,No data
40201,Gawler - Two Wells,NA,NA,NA,NA,NA,NA,NA,NA,NA,NA,NA,NA,NA,NA,NA,NA,NA,NA,NA,NA,NA,NA,NA,NA,33832,34383,35091,35682,36178,36656,37307,38132,39488,40755,41741,NA,NA,NA,NA,NA,NA,NA,NA,NA,NA,NA,NA,NA,NA,NA,NA,NA,NA,NA,NA,NA,NA,NA,NA,NA,NA,0,No data
20302,Geelong,NA,NA,NA,NA,NA,NA,NA,NA,NA,NA,NA,NA,1,2,2,7,NA,3,3,NA,5,1,NA,24,185558,188762,193146,197711,202134,206410,209724,212023,215372,219258,223939,NA,NA,NA,NA,NA,NA,NA,NA,NA,NA,NA,NA,0.529767644,1.035486108953848,1.011577504539454,3.463049264349392,NA,1.430451450477771,1.414940832,NA,2.280418502403561,0.446550177,NA,10.717204238654276,NA,107.17204238654276,0,0 Suspected cases
20502,Gippsland - East,1,0,1,0,0,1,0,0,1,2,4,2,NA,1,1,NA,1,NA,NA,1,3,8,10,17,44391,44982,45713,46313,46980,47567,47982,48588,49060,49305,49539,2.252708882431123,0,2.187561525167895,0,0,2.102297811507978,0,0,2.038320423970648,4.056383733901227,8.074446395768991,4.505417764862247,NA,2.187561525167895,2.159220953080129,NA,2.102297811507978,NA,NA,2.038320423970648,6.084575601,16.148892791537982,20.186115989422476,34.31639718201821,201.86115989422476,343.16397182018204,19.215249221782408,10-29 Suspected cases
20503,Gippsland - South West,NA,NA,NA,NA,NA,NA,NA,NA,NA,NA,NA,NA,NA,NA,NA,NA,1,NA,NA,2,NA,NA,NA,3,60602,61518,62742,64255,65841,67524,69392,71238,72693,73726,74753,NA,NA,NA,NA,NA,NA,NA,NA,NA,NA,NA,NA,NA,NA,NA,NA,1.480954919732243,NA,NA,2.751296548,NA,NA,NA,4.013216860861772,NA,40.13216860861772,0,0 Suspected cases
30805,Gladstone,2,0,1,0,1,0,0,0,1,1,0,2,2,2,NA,4,5,3,4,1,3,1,6,27,63367,63697,63017,62859,63077,63495,63890,64275,65302,66835,68065,3.156216958353717,0,1.586873383372741,0,1.585363920287902,0,0,0,1.531346666258308,1.496222039,0,3.156216958353717,3.1398653,3.173746766745482,NA,6.341455681151609,7.874635798094339,4.695570511817186,6.223259432127577,1.531346666258308,4.488666118051919,1.469183868361125,8.815103210166752,39.667964445750385,88.15103210166752,396.67964445750385,8.476024857355565,<10 Suspected cases
20802,Glen Eira,0,0,0,0,0,0,0,0,0,0,1,3,NA,1,NA,2,3,3,1,2,4,5,1,24,151442,153806,156621,158759,160385,161863,162613,158280,159488,164770,169145,0,0,0,0,0,0,0,0,0,0,0.591208726,1.980956405752697,NA,0.638483984,NA,1.246999407675282,1.853419249612327,1.844870951276958,0.631791761,1.254012841091493,2.427626388298841,2.956043631203996,0.591208726,14.189009429779183,5.912087262407993,141.89009429779185,0.569096252,<10 Suspected cases
21701,Glenelg - Southern Grampians,NA,NA,NA,NA,NA,NA,NA,NA,NA,NA,NA,NA,NA,NA,NA,NA,NA,NA,NA,NA,1,NA,NA,1,36073,35948,35945,36070,36245,36430,36618,36607,36504,36543,36591,NA,NA,NA,NA,NA,NA,NA,NA,NA,NA,NA,NA,NA,NA,NA,NA,NA,NA,NA,NA,2.736502202884273,NA,NA,2.732912464813752,NA,27.32912464813752,0,0 Suspected cases
30903,Gold Coast - North,0,0,0,0,0,0,0,0,0,1,0,NA,3,NA,2,1,2,5,6,3,4,6,1,32,66129,67117,68258,68819,69067,69739,70100,70091,70883,72319,73375,0,0,0,0,0,0,0,0,0,1.382762482888314,0,NA,4.469806457380396,NA,2.906174167017829,1.447869460089478,2.867835787722795,7.132667617689016,8.560300181193021,4.232326509882482,5.531049931553257,8.177172061,1.362862010221465,43.61158432708688,13.62862010221465,436.1158432708688,1.305658593779581,<10 Suspected cases
30904,Gold Coast Hinterland,3,2,6,4,10,7,9,16,11,18,10,4,4,6,9,12,12,13,21,18,23,19,96,141,18422,18633,18970,19257,19602,19912,20156,20347,20644,20966,21266,16.284876777765714,10.733644609026996,31.62888772,20.771667445604194,51.015202530354046,35.15468059461631,44.65171661043858,78.63567111,53.28424723890719,85.85328627301345,47.02341766199567,21.713169037020954,21.467289218053992,31.62888772,46.73625175260944,61.21824303642485,60.26516673362796,64.49692399285573,103.2093183270261,87.19240457275721,109.70142134885052,89.34449355779178,451.4248095551585,663.030189,4514.248095551585,6630.3018903413895,440.0137504297009,>300 Suspected cases
51103,Goldfields,NA,NA,NA,NA,NA,NA,NA,NA,NA,NA,NA,1,NA,NA,NA,NA,NA,1,NA,1,NA,NA,NA,3,43216,41880,40262,40306,40088,39904,39927,40200,40295,40387,40733,NA,NA,NA,NA,NA,NA,NA,NA,NA,NA,NA,2.313957793409848,NA,NA,NA,NA,NA,2.504570842,NA,2.481697481077057,NA,NA,NA,7.365035720423244,NA,73.65035720423244,0,0 Suspected cases
10201,Gosford,5,8,10,10,9,10,9,13,11,16,20,18,35,31,46,29,21,38,28,33,56,61,121,396,171694,172780,174137,175545,176740,177962,179107,179150,178868,180295,181658,2.912157675865202,4.630165528417641,5.742604960462165,5.696545045429946,5.092225868507412,5.619177127701419,5.024929232246646,7.256488975718671,6.149786434689268,8.874344823761058,11.009699545299409,10.483767633114727,20.25697418682718,17.80207537743271,26.204107208977753,16.408283354079437,11.80027196817298,21.21636786948584,15.629360870778676,18.449359304067805,31.060206883163705,33.57958361,66.60868224906142,217.9920509969283,666.0868224906142,2179.920509969283,62.11703053899102,30-99 Suspected cases
50604,Gosnells,NA,NA,NA,NA,NA,NA,NA,NA,NA,NA,NA,NA,1,NA,NA,NA,NA,1,1,1,NA,NA,NA,4,120756,121720,122011,123703,125087,127017,129685,131366,133064,137355,141279,NA,NA,NA,NA,NA,NA,NA,NA,NA,NA,NA,NA,0.821557673,NA,NA,NA,NA,0.771099202,0.761231978,0.751518066,NA,NA,NA,2.831277118326149,NA,28.31277118326149,0,0 Suspected cases
10105,Goulburn - Mulwaree,0,0,1,0,0,0,0,2,2,0,0,NA,NA,3,NA,NA,1,2,4,5,6,1,5,22,35430,35853,36320,36768,37233,37725,38231,38484,38784,39138,39562,0,0,2.753303965,0,0,0,0,5.196964972456086,5.156765676567657,0,0,NA,NA,8.259911894273127,NA,NA,2.650762094102054,5.231356752373728,10.393929944912172,12.89191419141914,15.330369461904032,2.527678074920378,12.63839037460189,55.60891764824832,126.3839037460189,556.0891764824833,12.091079685051556,10-29 Suspected cases
21501,Grampians,NA,NA,NA,NA,NA,NA,NA,NA,NA,NA,NA,NA,NA,1,NA,NA,NA,NA,NA,1,1,NA,NA,3,59732,59531,59502,59560,59667,59880,60232,60060,59794,59576,59413,NA,NA,NA,NA,NA,NA,NA,NA,NA,NA,NA,NA,NA,1.680615778,NA,NA,NA,NA,NA,1.672408602869853,1.678528266416006,NA,NA,5.049399962971068,NA,50.49399962971067,0,0 Suspected cases
30703,Granite Belt,4,3,3,0,3,0,3,1,1,3,5,4,5,5,1,8,NA,8,6,6,14,10,26,67,40495,40511,40699,41059,41316,41455,41626,41902,42342,42859,43323,9.877762686751451,7.405396065266224,7.371188481289466,0,7.261109497531223,0,7.207034065247681,2.386520929788555,2.361721222426905,6.999696679810541,11.541213674029962,9.877762686751451,12.342326775443706,12.285314135482444,2.435519618110524,19.36295866008326,NA,19.21875750732715,14.319125578731326,14.170327334561428,32.66525117244919,23.082427348059923,60.014311104955794,154.65226323200147,600.1431110495579,1546.5226323200147,56.81979602,30-99 Suspected cases
10801,Great Lakes,0,0,0,5,0,2,0,0,0,0,2,NA,NA,1,8,1,2,1,NA,2,1,5,9,21,31397,31570,31856,32266,32575,32815,32998,33203,33354,33562,33811,0,0,0,15.49618793776731,0,6.094773731525217,0,0,0,0,5.915234686936204,NA,NA,3.139126067302863,24.793900700427695,3.069838833461243,6.094773731525217,3.030486696163404,NA,5.996282304970919,2.979560216911984,14.78808671734051,26.61855609121292,62.10996421283014,266.1855609121292,621.0996421283014,25.041248501003043,10-29 Suspected cases
11301,Griffith - Murrumbidgee (West),NA,NA,NA,NA,NA,NA,NA,NA,NA,NA,NA,NA,NA,NA,NA,NA,NA,NA,NA,1,NA,NA,NA,1,48995,49136,49339,49604,49833,49987,50056,49883,49607,49658,49946,NA,NA,NA,NA,NA,NA,NA,NA,NA,NA,NA,NA,NA,NA,NA,NA,NA,NA,NA,2.015844538069224,NA,NA,NA,2.002162335322148,NA,20.02162335322148,0,0 Suspected cases
80104,Gungahlin,0,0,0,0,0,0,0,0,0,0,1,NA,1,NA,2,1,NA,NA,1,4,2,5,1,16,63623,68434,72355,76148,79785,83005,85664,87653,88420,90629,92178,0,0,0,0,0,0,0,0,0,0,1.084857558202608,NA,1.461261945816407,NA,2.626464253821506,1.253368427649308,NA,NA,1.140862263698904,4.523863379325944,2.206799148175529,5.424287791,1.084857558202608,17.35772093124173,10.848575582026081,173.5772093124173,1.126260567139771,<10 Suspected cases
31903,Gympie - Cooloola,0,2,1,2,0,3,5,0,0,6,4,2,3,4,7,4,5,6,2,2,8,8,23,51,49016,49468,50252,51030,51580,52402,52927,53749,55008,56066,57340,0,4.043017708417563,1.989970548435883,3.919263178522438,0,5.724972329300408,9.446974134,0,0,10.701673028216744,6.975933031042901,4.080300310102824,6.064526562626344,7.959882193743533,13.717421124828533,7.754943776657619,9.541620548834015,11.336368961021785,3.720999460455078,3.635834787667248,14.268897370955658,13.951866062085802,40.111614928496685,88.94314615,401.11614928496687,889.4314615,39.73477898824887,30-99 Suspected cases
11503,Hawkesbury,2,1,1,3,0,1,1,1,1,0,1,2,1,1,4,1,1,2,1,1,NA,2,12,16,24999,25118,25271,25280,25269,25249,25227,25154,25130,25179,25243,8.000320012800513,3.981208695,3.957104981995172,11.867088607594937,0,3.960552893183888,3.964006818091727,3.975510853144629,3.979307600477517,0,3.961494275640771,8.000320012800513,3.981208695,3.957104981995172,15.822784810126583,3.957418180379121,3.960552893183888,7.928013636183454,3.975510853144629,3.979307600477517,NA,7.922988551281542,47.537931307689256,63.38390841025234,475.3793130768926,633.8390841025234,43.30269667543546,30-99 Suspected cases
20202,Heathcote - Castlemaine - Kyneton,0,0,0,0,0,1,0,0,0,0,0,NA,NA,1,2,1,1,NA,NA,NA,NA,NA,1,5,46262,47120,48091,48920,49765,50533,51394,52185,52930,53576,54077,0,0,0,0,0,1.978904874042705,0,0,0,0,0,NA,NA,2.079391154,4.088307440719542,2.009444388626545,1.978904874042705,NA,NA,NA,NA,NA,1.849215008229007,9.246075041145033,18.49215008229007,92.46075041145033,1.802279162228554,<10 Suspected cases
31904,Hervey Bay,NA,NA,NA,NA,NA,NA,NA,NA,NA,NA,NA,NA,NA,NA,NA,NA,NA,NA,NA,1,NA,NA,NA,1,56467,57013,57653,58854,60315,61498,62715,64045,66028,67799,69662,NA,NA,NA,NA,NA,NA,NA,NA,NA,NA,NA,NA,NA,NA,NA,NA,NA,NA,NA,1.514508996183437,NA,NA,NA,1.4355028566506851,NA,14.355028566506848,0,0 Suspected cases
60102,Hobart - North East,0,0,1,0,0,1,0,0,0,0,0,NA,1,2,3,NA,1,1,2,1,2,2,2,15,52040,52627,53242,54396,55775,57105,58376,59934,60650,61253,61547,0,0,1.878216445663198,0,0,1.751160143595132,0,0,0,0,0,NA,1.900165314382351,3.756432891326396,5.515111405250386,NA,1.751160143595132,1.713032753186241,3.337004037774885,1.648804616652927,3.265146196920967,3.249549125058898,3.249549125058898,24.371618437941734,32.495491250588984,243.71618437941734,3.190072494397435,<10 Suspected cases
60103,Hobart - North West,0,0,0,0,0,0,0,0,0,0,2,NA,NA,1,NA,NA,1,NA,1,NA,NA,2,2,5,52865,53183,53655,54963,56291,57445,58154,58845,58776,58679,58678,0,0,0,0,0,0,0,0,0,0,3.408432461910767,NA,NA,1.863759202311061,NA,NA,1.740795543563408,NA,1.699379726399864,NA,NA,3.408432461910767,3.408432461910767,8.521081154776917,34.08432461910767,85.21081154776918,3.217844880569687,<10 Suspected cases
60104,Hobart - South and West,0,0,0,0,0,0,0,0,1,0,1,NA,NA,NA,NA,NA,NA,1,NA,1,NA,2,2,4,32720,33121,33492,34376,35280,36073,36652,37262,37392,37610,37982,0,0,0,0,0,0,0,0,2.674368848951648,0,2.632826075509452,NA,NA,NA,NA,NA,NA,2.728364072901888,NA,2.674368848951648,NA,5.265652151018903,5.265652151018903,10.531304302037807,52.65652151018904,105.31304302037807,5.102561485865905,<10 Suspected cases
60105,Hobart Inner,0,0,0,0,0,1,0,0,1,0,0,NA,NA,1,NA,NA,3,1,NA,3,1,1,2,10,51351,51712,52141,53318,54376,55577,56301,56041,56111,56060,56085,0,0,0,0,0,1.799305468089317,0,0,1.782181746894548,0,0,NA,NA,1.917876527109184,NA,NA,5.397916404267953,1.776167386014458,NA,5.346545240683645,1.783803068141277,1.783007934385308,3.566015868770616,17.83007934385308,35.66015868770616,178.3007934385308,3.338491302395535,<10 Suspected cases
21302,Hobsons Bay,NA,NA,NA,NA,NA,NA,NA,NA,NA,NA,NA,1,NA,NA,NA,NA,2,NA,2,NA,NA,1,NA,6,85560,86808,88419,89250,89970,90716,90097,87456,87166,88929,90765,NA,NA,NA,NA,NA,NA,NA,NA,NA,NA,NA,1.168770453482936,NA,NA,NA,NA,2.204682746152829,NA,2.286864251738017,NA,NA,1.101746267834518,NA,6.610477607007105,NA,66.10477607007105,0,0 Suspected cases
40301,Holdfast Bay,0,0,0,0,0,0,0,0,0,0,1,NA,NA,NA,NA,NA,2,1,1,NA,NA,1,1,5,34677,34742,34834,34970,35252,35631,35906,36011,36202,36841,37301,0,0,0,0,0,0,0,0,0,0,2.680893273638777,NA,NA,NA,NA,NA,5.613089725239258,2.785049852392358,2.776929271611452,NA,NA,2.680893273638777,2.680893273638777,13.404466368193882,26.808932736387764,134.04466368193883,2.548634314302681,<10 Suspected cases
30302,Holland Park - Yeronga,1,1,2,0,0,0,2,0,0,2,0,7,7,3,4,6,2,4,2,2,3,5,8,45,72537,73413,74656,76618,78120,79675,80852,80735,81962,84039,85824,1.378606779988144,1.362156566275728,2.678954136305186,0,0,0,2.473655568198684,0,0,2.379847451778341,0,9.650247459917008,9.535095963930093,4.018431204,5.220705317288365,7.680491551459293,2.510197678067148,4.947311136397368,2.477240354245371,2.440155194,3.569771177667512,5.825876211782252,9.321401938851603,52.43288590604027,93.21401938851602,524.3288590604027,9.212015692668734,<10 Suspected cases
12102,Hornsby,10,7,10,11,3,12,13,12,17,24,33,15,10,14,25,23,28,28,25,32,35,56,152,291,81522,82239,83238,84859,86443,87762,88651,87691,87903,89645,90755,12.266627413458943,8.511776650980678,12.013743722818905,12.96267926796215,3.470495008271346,13.673343816230261,14.664245186179514,13.684414592147427,19.33949922073194,26.77226839199063,36.36163296788055,18.399941120188416,12.159680929972398,16.819241211946466,29.460634699913975,26.607128396746987,31.90446890453727,31.584528093309718,28.509197066973808,36.40376323902483,39.042891404986335,61.70458927882761,167.48388518538925,320.6434907167649,1674.8388518538925,3206.4349071676493,159.88084669530497,100-299 Suspected cases
60302,Huon - Bruny Island,0,0,1,0,2,1,0,0,0,1,1,NA,NA,2,NA,3,1,NA,1,2,2,1,6,12,19223,19355,19587,20047,20587,21126,21695,22312,22780,23036,23346,0,0,5.105427069,0,9.714868606402097,4.733503739467954,0,0,0,4.341031429067546,4.283389017,NA,NA,10.21085413794864,NA,14.572302909603147,4.733503739467954,NA,4.481893151667265,8.779631255,8.682062858135092,4.283389017,25.70033410434336,51.40066820868672,257.0033410434336,514.0066820868672,25.740688306005303,10-29 Suspected cases
11903,Hurstville,NA,NA,NA,NA,NA,NA,NA,NA,NA,NA,NA,1,2,NA,1,2,NA,2,4,NA,4,6,NA,22,128397,130317,132247,134245,135237,135513,134870,132318,132345,136272,138899,NA,NA,NA,NA,NA,NA,NA,NA,NA,NA,NA,0.778834396,1.534719184757169,NA,0.7449067,1.478885216323935,NA,1.482909468376956,3.023020299581312,NA,2.935305858870494,4.319685526893642,NA,15.838846931943355,NA,158.38846931943354,0,0 Suspected cases
10702,Illawarra Catchment Reserve,NA,NA,NA,NA,NA,NA,NA,NA,NA,NA,NA,NA,NA,NA,NA,NA,NA,NA,NA,NA,NA,NA,NA,NA,NA,NA,NA,NA,NA,NA,NA,NA,NA,NA,NA,NA,NA,NA,NA,NA,NA,NA,NA,NA,NA,NA,NA,NA,NA,NA,NA,NA,NA,NA,NA,NA,NA,NA,NA,NA,NA,NA,No data
30603,Innisfail - Cassowary Coast,1,0,0,2,0,0,0,2,2,2,0,1,NA,NA,2,2,NA,2,6,4,7,3,9,27,35263,35284,35481,35637,35755,35790,35878,35814,35962,36349,36814,2.835833593284746,0,0,5.612144681089879,0,0,0,5.584408331937231,5.561425949613481,5.502214641,0,2.835833593284746,NA,NA,5.612144681089879,5.593623269472801,NA,5.574446736161436,16.753224995811696,11.122851899226962,19.25775124487606,8.149073721953606,24.447221165860814,73.34166349758245,244.47221165860816,733.4166349758244,22.841074342621194,10-29 Suspected cases
11002,Inverell - Tenterfield,2,0,0,1,0,1,0,0,0,0,1,2,3,NA,2,1,4,2,4,1,1,2,5,22,38860,38872,38928,38965,39025,39069,38956,38779,38957,39224,39310,5.146680391,0,0,2.566405748748877,0,2.559574086871945,0,0,0,0,2.543881963876876,5.146680391,7.717637373945256,NA,5.132811497497754,2.562459961563101,10.238296347487779,5.133997330321388,10.314861136181953,2.566932772030701,2.549459514582908,5.087763927753753,12.719409819384381,55.965403205291274,127.1940981938438,559.6540320529127,11.656506078867919,10-29 Suspected cases
31002,Ipswich Hinterland,14,3,6,3,4,3,2,3,3,3,10,20,12,12,13,10,9,11,9,11,8,16,54,131,62212,62853,64151,64853,65830,66801,67495,68411,70037,71752,73245,22.503697035941617,4.773041859577109,9.352932923882713,4.625846144357239,6.076257025672186,4.490950734270445,2.963182457959849,4.385259680460745,4.283450176335365,4.181068123536626,13.65280906546522,32.14813862277374,19.092167438308437,18.705865847765427,20.04533329,15.190642564180465,13.472852202811334,16.29750351877917,13.155779041382234,15.705983979896342,11.14951499609767,21.844494504744354,73.72516895,178.85179875759437,737.2516895351218,1788.5179875759436,73.20644216691069,30-99 Suspected cases
31003,Ipswich Inner,1,2,0,0,0,0,0,1,0,0,1,3,4,2,1,2,1,3,5,2,2,4,5,29,103796,105558,107417,109053,110880,113351,115533,117812,121480,125166,129524,0.963428263,1.894692965005021,0,0,0,0,0,0.848809968,0,0,0.772057688,2.890284789394582,3.789385930010042,1.861902678347003,0.916985319,1.803751803751804,0.882215419,2.596660694,4.244049842121346,1.646361540994403,1.597878017992107,3.088230752601834,3.860288440752293,22.38967296,38.60288440752293,223.8967296,3.969608675976723,<10 Suspected cases
90103,Jervis Bay,NA,NA,NA,NA,NA,NA,NA,NA,NA,NA,NA,NA,NA,NA,NA,NA,NA,NA,NA,NA,NA,NA,NA,NA,361,367,402,398,386,367,335,309,307,307,304,NA,NA,NA,NA,NA,NA,NA,NA,NA,NA,NA,NA,NA,NA,NA,NA,NA,NA,NA,NA,NA,NA,NA,NA,NA,NA,0,No data
31104,Jimboomba,0,0,0,0,0,0,0,0,0,0,2,NA,NA,NA,2,3,NA,1,1,2,1,3,2,13,43116,45039,47074,49686,52771,56323,59561,62626,67109,70937,75673,0,0,0,0,0,0,0,0,0,0,2.642950590038719,NA,NA,NA,4.025278750553476,5.684940592370809,NA,1.678950991,1.596780889726312,2.980226199168517,1.409701566,3.964425885058079,2.642950590038719,17.179178835251676,26.42950590038719,171.79178835251676,3.175031551876047,<10 Suspected cases
50501,Joondalup,1,0,0,0,0,0,1,0,0,0,0,1,1,NA,NA,NA,NA,2,6,NA,NA,1,2,11,164077,163142,161209,161415,161911,162809,164627,165701,166454,170523,174383,0.609469944,0,0,0,0,0,0.607433775,0,0,0,0,0.609469944,0.61296294,NA,NA,NA,NA,1.214867549065463,3.620979957875933,NA,NA,0.573450394,1.146900787,6.307954330410648,11.469007873473904,63.07954330410648,1.101169386830344,<10 Suspected cases
50605,Kalamunda,0,0,0,0,0,0,0,0,1,0,0,NA,NA,NA,NA,NA,NA,NA,1,1,NA,1,1,3,59113,59298,59201,59337,59442,59750,60337,60804,61294,62670,63827,0,0,0,0,0,0,0,0,1.631481058504911,0,0,NA,NA,NA,NA,NA,NA,NA,1.644628642852444,1.631481058504911,NA,1.566735080765193,1.566735080765193,4.700205242,15.667350807651934,47.00205242,1.503594342275209,<10 Suspected cases
70205,Katherine,0,0,0,0,0,0,0,1,0,0,0,NA,NA,NA,NA,NA,NA,NA,2,NA,1,1,1,4,20919,20857,20674,20751,20842,20976,21049,21109,21353,21385,21453,0,0,0,0,0,0,0,4.737315836846843,0,0,0,NA,NA,NA,NA,NA,NA,NA,9.474631673693686,NA,4.676174888940846,4.661352724560667,4.661352724560667,18.64541089824267,46.613527245606676,186.4541089824267,4.322118875557553,<10 Suspected cases
21001,Keilor,NA,NA,NA,NA,NA,NA,NA,NA,NA,NA,NA,NA,NA,NA,NA,1,1,1,NA,2,2,NA,NA,7,59250,60338,61513,62149,62768,63359,63187,62124,62196,63042,64063,NA,NA,NA,NA,NA,NA,NA,NA,NA,NA,NA,NA,NA,NA,NA,1.593168493499873,1.578307738442841,1.582604016648994,NA,3.215640877226832,3.172488182481521,NA,NA,10.926743986388399,NA,109.2674399,0,0 Suspected cases
10802,Kempsey - Nambucca,4,5,8,8,1,7,2,8,11,9,15,4,7,11,17,8,12,5,14,23,23,33,78,157,48882,48950,49041,49610,50096,50557,50954,51276,51846,52286,52761,8.182971236856103,10.21450459652707,16.31288105870598,16.12578109252167,1.996167358671351,13.845758253060902,3.925108921772579,15.601841017240034,21.216680168190408,17.21302069387599,28.430090407687498,8.182971236856103,14.300306435137896,22.430211455720723,34.26728482160855,15.969338869370809,23.73558557667583,9.812772304431448,27.30322178017006,44.36214944257995,43.988830662127526,62.54619889691249,147.8364701,297.56827960046246,1478.3647011997498,2975.6827960046244,140.22245033338785,100-299 Suspected cases
30402,Kenmore - Brookfield - Moggill,10,7,2,5,2,3,0,4,3,5,8,13,15,5,8,5,10,4,6,5,10,12,49,93,46746,46949,47309,47738,48026,48416,48624,48311,48587,49341,50031,21.392204680614384,14.90979573579842,4.227525417996575,10.473836356780762,4.164410944071961,6.196298744216788,0,8.279687855767838,6.174491119023607,10.133560325084616,15.990086146589114,27.809866084798703,31.94956229099661,10.568813544991439,16.758138170849218,10.411027360179903,20.654329147389294,8.226390259953932,12.419531783651756,10.290818531706012,20.267120650169232,23.985129219883675,97.93927764785832,185.88475145409845,979.3927764785832,1858.8475145409845,92.43922592524119,30-99 Suspected cases
10703,Kiama - Shellharbour,0,2,1,0,3,2,0,0,0,1,1,NA,2,1,3,7,5,NA,1,3,7,10,10,39,90189,91281,92416,93519,94713,95995,97727,99374,101193,102632,104623,0,2.19103647,1.082063711911357,0,3.167463811725951,2.083441845929475,0,0,0,0.974354977,0.955812775,NA,2.19103647,1.082063711911357,3.207904276,7.390748894027219,5.208604614823688,NA,1.006299434459718,2.964631940944532,6.820484839036558,9.558127753935558,9.558127753935558,37.27669824034868,95.58127753935558,372.7669824034868,9.401482802,<10 Suspected cases
51001,Kimberley,NA,NA,NA,NA,NA,NA,NA,NA,NA,NA,NA,NA,NA,NA,NA,NA,NA,NA,1,NA,1,NA,NA,2,37718,37066,36394,36633,37047,37497,38174,38706,38955,39389,39934,NA,NA,NA,NA,NA,NA,NA,NA,NA,NA,NA,NA,NA,NA,NA,NA,NA,NA,2.583578773316798,NA,2.538779862398131,NA,NA,5.008263634997746,NA,50.08263634997746,0,0 Suspected cases
20803,Kingston,NA,NA,NA,NA,NA,NA,NA,NA,NA,NA,NA,NA,1,NA,4,4,1,1,NA,1,4,2,NA,18,118330,120210,122711,123750,125038,126094,126174,123786,124101,126637,128877,NA,NA,NA,NA,NA,NA,NA,NA,NA,NA,NA,NA,0.831877548,NA,3.232323232323232,3.199027495641325,0.793059146,0.792556311,NA,0.80579528,3.158634522296011,1.551867284309846,NA,13.966805558788613,NA,139.66805558788613,0,0 Suspected cases
21101,Knox,NA,NA,NA,NA,NA,NA,NA,NA,NA,NA,NA,1,1,NA,4,3,2,1,1,NA,3,2,NA,18,157479,158746,160400,161566,162500,163349,163282,160520,159590,161808,163339,NA,NA,NA,NA,NA,NA,NA,NA,NA,NA,NA,0.635005302,0.629937132,NA,2.475768416622309,1.846153846153846,1.224372356120943,0.612437378,0.62297533,NA,1.854049243547909,1.224447315,NA,11.020025835838348,NA,110.20025835838348,0,0 Suspected cases
11904,Kogarah - Rockdale,0,0,1,0,0,0,0,0,0,0,1,NA,NA,1,5,1,7,3,3,2,4,3,2,29,139170,142273,145507,147738,148453,148950,148954,146589,147048,151988,155571,0,0,0.68725216,0,0,0,0,0,0,0,0.642793323,NA,NA,0.68725216,3.384369627313217,0.673613871,4.699563611950319,2.014044604374505,2.046538280498537,1.360100103367608,2.631786720004211,1.928379967988893,1.285586645325928,18.64100635722596,12.855866453259283,186.41006357225962,1.232862441523793,<10 Suspected cases
12103,Ku-ring-gai,15,18,27,35,27,17,19,29,30,40,33,23,39,44,64,51,45,40,61,61,77,74,290,579,120143,121621,122803,124437,125847,126682,126760,124990,124500,127310,128989,12.485121896406781,14.800075644831075,21.98643355618348,28.12668257833281,21.454623471358076,13.41942817448414,14.988955506468917,23.201856148491878,24.096385542168672,31.419370041630664,25.583576894153765,19.14385357,32.06683056380066,35.82974357303974,51.43164814323714,40.52539989034304,35.52201575598743,31.55569580309246,48.80390431234498,48.99598393574297,60.48228733013903,57.36923303537511,224.82537270619974,448.87548550651604,2248.2537270619973,4488.754855,211.0499955606725,100-299 Suspected cases
50703,Kwinana,NA,NA,NA,NA,NA,NA,NA,NA,NA,NA,NA,NA,NA,NA,NA,NA,NA,1,NA,NA,NA,1,NA,2,36444,38153,40058,41672,43172,44700,46243,47660,49542,52103,54672,NA,NA,NA,NA,NA,NA,NA,NA,NA,NA,NA,NA,NA,NA,NA,NA,NA,2.162489457863893,NA,NA,NA,1.829089844893181,NA,3.658179689786362,NA,36.581796897863626,0,0 Suspected cases
10302,Lachlan Valley,0,0,0,0,0,0,0,1,0,0,0,NA,NA,NA,NA,3,1,NA,2,3,3,2,1,14,56508,56430,56363,56188,55966,55717,55398,54907,54650,54431,54344,0,0,0,0,0,0,0,1.821261405649553,0,0,0,NA,NA,NA,NA,5.360397384126077,1.794784356659547,NA,3.642522811299106,5.489478499542543,5.511565100769782,3.680259090239953,1.840129545119977,25.76181363167967,18.401295451199765,257.6181363167967,1.636923761912713,<10 Suspected cases
11101,Lake Macquarie - East,0,2,4,0,2,2,1,2,1,2,5,1,3,4,3,3,6,5,4,3,9,9,21,50,122789,122953,123183,123840,124598,125342,126112,126606,127321,128412,129234,0,1.626637820955975,3.247201318363735,0,1.605162201640476,1.595634344,0.792945953,1.579703963477245,0.785416388,1.557486839236208,3.868950895275237,0.814405199,2.439956731433962,3.247201318363735,2.422480620155039,2.407743302460713,4.786903033300889,3.964729764019284,3.159407926954489,2.356249165495087,7.008690776562938,6.964111611495428,16.249593760155996,38.68950895275238,162.49593760155997,386.89508952752374,15.213091952274358,10-29 Suspected cases
11102,Lake Macquarie - West,3,4,5,2,3,2,2,3,4,1,2,8,14,11,13,17,20,23,12,15,25,24,31,182,75253,76093,76945,78455,80153,81814,83530,85113,86920,88422,90226,3.986552031,5.256725322960062,6.498148027812073,2.549232043846791,3.742841815028758,2.444569389,2.394349335568059,3.524725952557189,4.601932811780948,1.130940263735269,2.216655952829561,10.63080541639536,18.398538630360218,14.295925661186562,16.570008285004143,21.209436951829627,24.445693891021097,27.535017359032686,14.098903810228755,17.257248044178553,28.273506593381736,26.599871433954736,34.35816727,201.7156917074901,343.5816727,2017.1569170749008,34.332900664950756,30-99 Suspected cases
20504,Latrobe Valley,0,0,0,0,0,0,1,0,0,0,0,NA,NA,NA,1,2,1,2,1,1,1,3,1,12,73965,74099,74462,74936,75433,75968,76558,76967,77560,78004,78686,0,0,0,0,0,0,1.306199221505264,0,0,0,0,NA,NA,NA,1.334472082844027,2.651359484575716,1.316343723673125,2.612398443010528,1.299258123611418,1.289324394017535,1.281985539203118,3.8126223216328188,1.270874107,15.250489286531277,12.708741072109397,152.50489286531277,1.195260076640076,<10 Suspected cases
60201,Launceston,0,0,0,1,0,0,1,0,0,0,1,NA,NA,NA,3,1,1,4,3,2,1,1,3,16,82325,82348,82456,83873,85406,86952,88411,89511,89715,89608,89399,0,0,0,1.192278802475171,0,0,1.131080974086935,0,0,0,1.118580745,NA,NA,NA,3.576836407425513,1.170877924267616,1.150059803109762,4.524323896,3.351543385729128,2.229281613999889,1.115971788233193,1.118580745,3.355742234253179,17.897291916016957,33.557422342531794,178.9729191601696,3.157881440499198,<10 Suspected cases
12002,Leichhardt,1,1,1,1,3,1,2,1,2,3,1,1,2,6,4,8,5,7,5,6,13,7,17,64,57606,58224,58887,59139,59184,59033,58518,56653,56277,57417,58273,1.735930285039753,1.717504809013465,1.698167677076434,1.690931534182181,5.068937550689376,1.693967780732811,3.417751802864076,1.765131590560076,3.553849707695861,5.224933382099378,1.716060611,1.735930285039753,3.435009618026931,10.189006062458606,6.763726136728724,13.517166801838336,8.469838903664053,11.962131310024265,8.825657953,10.661549123087585,22.641377989097304,12.012424278825529,29.173030391433425,109.82787912069054,291.7303039143343,1098.2787912069055,26.59528700225747,10-29 Suspected cases
40702,Limestone Coast,NA,NA,NA,NA,NA,NA,NA,NA,NA,NA,NA,NA,NA,NA,NA,NA,NA,NA,NA,1,NA,1,NA,2,66049,66440,66689,66900,67261,67683,68154,68531,68767,69137,69336,NA,NA,NA,NA,NA,NA,NA,NA,NA,NA,NA,NA,NA,NA,NA,NA,NA,NA,NA,1.454185874,NA,1.442252221,NA,2.884504442136841,NA,28.845044421368407,0,0 Suspected cases
70103,Litchfield,0,0,0,0,0,0,0,0,0,1,0,NA,NA,NA,NA,NA,NA,2,3,1,1,1,1,8,22804,24382,25003,24800,24073,22878,22654,22429,22638,22925,23449,0,0,0,0,0,0,0,0,0,4.362050163576881,0,NA,NA,NA,NA,NA,NA,8.828462964597863,13.375540594765704,4.417351356126867,4.362050163576881,4.264574182267901,4.264574182267901,34.11659345814321,42.64574182267901,341.16593458143205,3.875443253822156,<10 Suspected cases
10303,Lithgow - Mudgee,0,0,0,0,1,1,0,0,1,1,0,1,1,NA,NA,4,4,NA,NA,1,2,3,4,16,46824,47252,47505,47738,47946,48013,48044,47891,47912,47959,48327,0,0,0,0,2.085679723021733,2.082769249994793,0,0,2.087159792953749,2.085114368523113,0,2.135656928071075,2.116312537035469,NA,NA,8.342718892086932,8.331076999979173,NA,NA,2.087159792953749,4.170228737046227,6.207709975789931,8.276946634386576,33.10778654,82.76946634386576,331.07786537546303,7.613087658994577,<10 Suspected cases
12703,Liverpool,NA,NA,NA,NA,NA,NA,NA,NA,NA,NA,NA,NA,1,NA,2,1,NA,1,1,1,5,4,NA,16,115854,118613,121860,125372,129070,132602,135354,136871,139624,143991,147623,NA,NA,NA,NA,NA,NA,NA,NA,NA,NA,NA,NA,0.843077909,NA,1.595252528475258,0.774773379,NA,0.738803434,0.730614959,0.716209248,3.472439249675327,2.709604871869559,NA,10.838419487478237,NA,108.38419487478238,0,0 Suspected cases
20203,Loddon - Elmore,NA,NA,NA,NA,NA,NA,NA,NA,NA,NA,NA,NA,NA,NA,NA,NA,NA,NA,NA,NA,NA,NA,NA,NA,11382,11436,11511,11619,11752,11876,11989,12141,12296,12410,12655,NA,NA,NA,NA,NA,NA,NA,NA,NA,NA,NA,NA,NA,NA,NA,NA,NA,NA,NA,NA,NA,NA,NA,NA,NA,NA,0,No data
31105,Loganlea - Carbrook,NA,NA,NA,NA,NA,NA,NA,NA,NA,NA,NA,NA,NA,1,2,NA,NA,1,3,NA,1,NA,NA,8,59911,60826,62065,63070,63831,64433,64952,65408,66565,68226,69034,NA,NA,NA,NA,NA,NA,NA,NA,NA,NA,NA,NA,NA,1.611214049786514,3.171079752655779,NA,NA,1.539598472718315,4.586594911937377,NA,1.465716882127048,NA,NA,11.588492626821566,NA,115.88492626821565,0,0 Suspected cases
10803,Lord Howe Island,NA,NA,NA,NA,NA,NA,NA,NA,NA,NA,NA,NA,NA,NA,NA,NA,NA,NA,NA,NA,NA,NA,NA,NA,403,411,414,420,426,431,438,444,450,452,448,NA,NA,NA,NA,NA,NA,NA,NA,NA,NA,NA,NA,NA,NA,NA,NA,NA,NA,NA,NA,NA,NA,NA,NA,NA,NA,0,No data
10601,Lower Hunter,0,2,2,2,1,0,0,1,2,4,5,1,3,3,4,4,11,8,9,4,5,7,19,59,87763,88630,89546,91015,93085,94614,96552,98553,100853,102837,105038,0,2.256572266726842,2.233488933062337,2.197439982,1.074286942042219,0,0,1.014682455125668,1.983084290997789,3.889650612133765,4.760182029360803,1.139432334810797,3.384858400090263,3.350233399593505,4.394879965,4.297147768168878,11.626186399475765,8.285690612312537,9.132142096131016,3.966168581995578,4.862063265167206,6.664254841105123,18.088691711571048,56.170147946457476,180.8869171157105,561.7014794645747,18.121367381157214,10-29 Suspected cases
10902,Lower Murray,NA,NA,NA,NA,NA,NA,NA,NA,NA,NA,NA,NA,NA,NA,NA,NA,NA,NA,NA,NA,NA,1,NA,1,12796,12780,12783,12864,12949,13003,13065,13093,13120,13195,13332,NA,NA,NA,NA,NA,NA,NA,NA,NA,NA,NA,NA,NA,NA,NA,NA,NA,NA,NA,NA,NA,7.500750075007502,NA,7.500750075007502,NA,75.00750075007501,0,0 Suspected cases
40502,Lower North,NA,NA,NA,NA,NA,NA,NA,NA,NA,NA,NA,NA,NA,NA,NA,NA,NA,NA,NA,NA,NA,NA,NA,NA,22858,22978,23076,23112,23012,23086,23061,23149,23199,23211,23244,NA,NA,NA,NA,NA,NA,NA,NA,NA,NA,NA,NA,NA,NA,NA,NA,NA,NA,NA,NA,NA,NA,NA,NA,NA,NA,0,No data
21002,Macedon Ranges,NA,NA,NA,NA,NA,NA,NA,NA,NA,NA,NA,NA,NA,NA,NA,NA,NA,2,NA,NA,1,1,NA,4,29161,29828,30674,31296,31851,32374,32835,33213,33666,34324,35115,NA,NA,NA,NA,NA,NA,NA,NA,NA,NA,NA,NA,NA,NA,NA,NA,NA,6.091061367443277,NA,NA,2.913413355,2.847785846504343,NA,11.39114338601737,NA,113.91143386017372,0,0 Suspected cases
31202,Mackay,2,1,1,0,1,1,1,2,0,3,1,3,4,2,2,13,2,4,9,5,9,9,13,62,118916,118292,117218,117513,118352,119529,121395,123148,124950,126907,128361,1.681859463823203,0.845365705,0.853111297,0,0.844937137,0.836617055,0.823757156,1.624062104134862,0,2.363935795503794,0.779052828,2.522789195734804,3.381462820816285,1.706222593799587,1.701939359900607,10.984182776801406,1.673234110550578,3.295028625561184,7.308279469,4.001600640256102,7.091807386511383,7.011475448150139,10.12768675843909,48.30127530947874,101.2768675843909,483.0127530947874,9.740884966892231,<10 Suspected cases
10602,Maitland,0,0,2,0,1,1,1,0,1,0,0,NA,1,3,1,7,8,6,2,3,2,2,6,35,72453,74149,75855,77866,80068,82095,84698,87389,90375,92735,94799,0,0,2.636609320413948,0,1.248938402357996,1.218100980571289,1.180665423032421,0,1.106500691562932,0,0,NA,1.348635854832837,3.954913980620922,1.284257570698379,8.742568816505969,9.744807844570314,7.083992538194527,2.288617560562542,3.319502074688797,2.156683021512913,2.109726895853332,6.329180687559996,36.920220677433306,63.29180687559996,369.2022067743331,6.575472173697673,<10 Suspected cases
50201,Mandurah,1,0,0,0,0,0,0,0,0,0,0,1,NA,NA,NA,NA,NA,1,3,1,NA,2,1,8,96632,98291,99663,101461,103560,105875,108625,111295,113980,118338,122716,1.034853878632337,0,0,0,0,0,0,0,0,0,0,1.034853878632337,NA,NA,NA,NA,NA,0.920598389,2.695538883,0.877346903,NA,1.629779327879005,0.814889664,6.519117311516021,8.148896639395026,65.19117311516021,0.847144614,<10 Suspected cases
50103,Manjimup,NA,NA,NA,NA,NA,NA,NA,NA,NA,NA,NA,NA,NA,NA,NA,NA,NA,NA,NA,NA,NA,NA,NA,NA,23075,23111,23055,23269,23489,23750,24093,24491,24874,25128,25541,NA,NA,NA,NA,NA,NA,NA,NA,NA,NA,NA,NA,NA,NA,NA,NA,NA,NA,NA,NA,NA,NA,NA,NA,NA,NA,0,No data
12201,Manly,2,4,5,7,3,4,7,2,3,3,9,3,6,9,16,8,14,14,9,13,22,20,49,134,43995,44369,44795,44983,44989,44889,44638,43590,43342,44481,45173,4.545971133083305,9.015303477653317,11.161960040183056,15.56143431963186,6.668296694747605,8.910869032502395,15.681706169631257,4.588208304657031,6.921692585,6.744452687664396,19.923405574126136,6.818956699624957,13.522955216479975,20.09152807,35.56899273058711,17.782124519326945,31.188041613758383,31.363412339262513,20.646937370956643,29.994001199760046,49.45931971,44.27423461,108.47187479246453,296.63737188143364,1084.7187479246454,2966.3737188143364,100.15452412293251,100-299 Suspected cases
21102,Manningham - East,0,0,0,1,1,1,0,0,0,0,0,NA,1,NA,1,3,2,2,NA,1,NA,1,3,11,26937,27080,27328,27381,27394,27328,27072,26591,26495,26650,27016,0,0,0,3.652167561447719,3.650434401693802,3.659250585480094,0,0,0,0,0,NA,3.692762186115214,NA,3.652167561447719,10.951303205081405,7.318501170960188,7.387706855791962,NA,3.774297037176825,NA,3.701510216168197,11.10453064850459,40.71661237785016,111.0453064850459,407.16612377850163,10.09176780860626,10-29 Suspected cases
20702,Manningham - West,NA,NA,NA,NA,NA,NA,NA,NA,NA,NA,NA,NA,1,NA,NA,1,2,2,2,1,2,1,NA,12,92613,93829,95361,96849,97799,99631,100990,99303,100139,102932,104807,NA,NA,NA,NA,NA,NA,NA,NA,NA,NA,NA,NA,1.065768579010754,NA,NA,1.022505342590415,2.007407333058988,1.980394098425587,2.014037843771085,0.998611929,1.943030350134069,0.954134743,NA,11.449616914900723,NA,114.49616914900723,0,0 Suspected cases
21303,Maribyrnong,0,0,0,0,0,1,0,0,0,0,0,NA,1,1,2,1,1,NA,NA,1,1,1,1,9,82463,84783,86942,88120,88871,89460,89418,86385,87605,91762,94251,0,0,0,0,0,1.117818019,0,0,0,0,0,NA,1.179481735725322,1.150192082077707,2.26963232,1.125226452,1.117818019,NA,NA,1.141487358,1.089775724155969,1.060996700300262,1.060996700300262,9.548970302702358,10.609967003002621,95.48970302702358,1.030864070263695,<10 Suspected cases
40302,Marion,0,0,0,0,0,0,0,0,0,1,0,NA,NA,1,NA,1,NA,NA,NA,NA,2,NA,1,4,90113,90988,91997,92999,93989,95384,96853,97231,98256,100139,101525,0,0,0,0,0,0,0,0,0,0.998611929,0,NA,NA,1.086991967129363,NA,1.063954292523593,NA,NA,NA,NA,1.997223858836218,NA,0.984979069,3.939916276779118,9.849790691947796,39.39916276779118,0.952858289,<10 Suspected cases
31603,Maroochy,1,1,0,0,0,0,3,0,2,1,0,1,3,NA,1,3,3,5,3,4,4,2,8,29,56416,57538,58461,59866,61226,62537,63590,64537,65418,66770,67971,1.772546795235394,1.737981855469429,0,0,0,0,4.717722912407612,0,3.057262527133205,1.497678598172832,0,1.772546795235394,5.213945566408286,NA,1.670397220459025,4.899879136314637,4.797160081231911,7.862871520679352,4.648496211475588,6.114525054,5.990714392691328,2.942431331008812,11.76972532403525,42.66525429962778,117.6972532403525,426.6525429962779,11.690266391945407,10-29 Suspected cases
21103,Maroondah,NA,NA,NA,NA,NA,NA,NA,NA,NA,NA,NA,NA,NA,2,4,2,1,NA,3,3,2,NA,NA,17,110980,112574,114347,115758,116653,117503,117825,115610,115294,116970,118885,NA,NA,NA,NA,NA,NA,NA,NA,NA,NA,NA,NA,NA,1.749062065467393,3.455484718118834,1.714486554139199,0.851042101,NA,2.594931234,2.602043471,1.70984013,NA,NA,14.299533162299701,NA,142.99533162299701,0,0 Suspected cases
11702,Marrickville - Sydenham - Petersham,0,0,0,0,0,0,1,0,0,0,1,NA,1,NA,4,1,NA,4,1,1,1,2,2,15,55865,56669,57544,57745,57803,57398,56787,55133,54913,56334,57207,0,0,0,0,0,0,1.760966418370402,0,0,0,1.748037827538588,NA,1.764633220985018,NA,6.927006667243917,1.730014013113506,NA,7.043865673481607,1.813795730324851,1.821062407808715,1.775126921574893,3.496075655077176,3.496075655077176,26.220567413078818,34.96075655077176,262.20567413078817,3.208223318,<10 Suspected cases
31905,Maryborough,1,2,0,1,0,0,0,1,0,3,5,2,2,2,2,5,7,8,6,4,8,14,13,60,44929,45179,45375,45727,46140,46726,47308,48118,49132,50232,51123,2.225733935765319,4.426835477,0,2.186891770726267,0,0,0,2.078224365102456,0,5.972288580984233,9.780333704986015,4.451467871530637,4.426835477,4.407713499,4.373783541452534,10.836584308625921,14.980952788597355,16.910459118965083,12.469346190614738,8.141333550435562,15.926102882624622,27.38493437396084,25.428867632963637,117.36400445983216,254.28867632963636,1173.6400445983218,25.000528857341212,10-29 Suspected cases
20103,Maryborough - Pyrenees,NA,NA,NA,NA,NA,NA,NA,NA,NA,NA,NA,NA,NA,NA,NA,NA,NA,NA,1,NA,NA,NA,NA,1,24919,25215,25596,25854,26070,26305,26396,26588,26785,27041,27400,NA,NA,NA,NA,NA,NA,NA,NA,NA,NA,NA,NA,NA,NA,NA,NA,NA,NA,3.761095230931247,NA,NA,NA,NA,3.649635036496351,NA,36.496350364963504,0,0 Suspected cases
60202,Meander Valley - West Tamar,NA,NA,NA,NA,NA,NA,NA,NA,NA,NA,NA,NA,NA,NA,NA,NA,NA,NA,NA,NA,1,NA,NA,1,22680,22651,22707,23028,23337,23662,24068,24745,25011,25185,25440,NA,NA,NA,NA,NA,NA,NA,NA,NA,NA,NA,NA,NA,NA,NA,NA,NA,NA,NA,NA,3.970617431010522,NA,NA,3.930817610062893,NA,39.30817610062893,0,0 Suspected cases
20604,Melbourne City,1,0,0,0,0,0,0,0,0,0,0,3,2,1,1,2,1,2,3,1,4,3,1,23,127975,136873,146099,155948,163350,168936,170568,153091,160314,177381,189379,0.781402618,0,0,0,0,0,0,0,0,0,0,2.344207853096308,1.461208565604612,0.684467382,0.641239387,1.224364860728497,0.591940143,1.172552882134984,1.959618788824947,0.62377584,2.255032951669006,1.584124955776512,0.528041652,12.144957994286589,5.280416519255039,121.44957994286588,0.571456654,<10 Suspected cases
21304,Melton - Bacchus Marsh,NA,NA,NA,NA,NA,NA,NA,NA,NA,NA,NA,NA,1,NA,2,NA,1,NA,2,2,2,NA,NA,10,146728,152820,159962,167850,176523,185135,193178,201101,213073,225682,239306,NA,NA,NA,NA,NA,NA,NA,NA,NA,NA,NA,NA,0.654364612,NA,1.191540065534704,NA,0.54014638,NA,0.994525139,0.938645441,0.88620271,NA,NA,4.178750219384387,NA,41.78750219384387,0,0 Suspected cases
50704,Melville,0,1,0,0,0,0,0,0,0,0,0,NA,2,NA,NA,NA,NA,1,4,NA,NA,1,1,8,106867,106263,105051,105254,105838,106999,108788,109500,110034,113098,116222,0,0.941061329,0,0,0,0,0,0,0,0,0,NA,1.882122657933618,NA,NA,NA,NA,0.919219032,3.652968036529681,NA,NA,0.860422295,0.860422295,6.883378362100118,8.604222952625149,68.83378362100119,0.837581266,<10 Suspected cases
12503,Merrylands - Guildford,0,1,2,1,0,1,0,0,1,1,0,1,2,5,1,NA,4,1,2,5,5,9,7,35,151714,154641,157738,160925,163386,165573,166282,164798,165216,169097,172650,0,0.646659036,1.267925293841687,0.621407488,0,0.603963207,0,0,0.605268255,0.591376547,0,0.659134951,1.293318072180081,3.169813234604217,0.621407488,NA,2.415852826245825,0.601388004,1.213606961,3.026341274452838,2.956882735944458,5.212858384,4.05444541,20.27222704894295,40.5444541,202.7222704894295,3.906206403946384,<10 Suspected cases
40503,Mid North,NA,NA,NA,NA,NA,NA,NA,NA,NA,NA,NA,NA,NA,NA,1,NA,NA,NA,NA,NA,NA,1,NA,2,27962,27932,27879,27830,27765,27784,27794,27831,27706,27692,27705,NA,NA,NA,NA,NA,NA,NA,NA,NA,NA,NA,NA,NA,NA,3.593244699964068,NA,NA,NA,NA,NA,NA,3.609456776755098,NA,7.218913553510196,NA,72.18913553510197,0,0 Suspected cases
51104,Mid West,NA,NA,NA,NA,NA,NA,NA,NA,NA,NA,NA,NA,NA,NA,NA,NA,NA,NA,NA,NA,NA,NA,NA,NA,56824,56164,55221,55319,55468,55740,56386,57263,57674,58185,58690,NA,NA,NA,NA,NA,NA,NA,NA,NA,NA,NA,NA,NA,NA,NA,NA,NA,NA,NA,NA,NA,NA,NA,NA,NA,NA,0,No data
89797,Migratory - Offshore - Shipping (ACT),NA,NA,NA,NA,NA,NA,NA,NA,NA,NA,NA,NA,NA,NA,NA,NA,NA,NA,NA,NA,NA,NA,NA,NA,NA,NA,NA,NA,NA,NA,NA,NA,NA,NA,NA,NA,NA,NA,NA,NA,NA,NA,NA,NA,NA,NA,NA,NA,NA,NA,NA,NA,NA,NA,NA,NA,NA,NA,NA,NA,NA,NA,No data
19797,Migratory - Offshore - Shipping (NSW),NA,NA,NA,NA,NA,NA,NA,NA,NA,NA,NA,NA,NA,NA,NA,NA,NA,NA,NA,NA,NA,NA,NA,NA,NA,NA,NA,NA,NA,NA,NA,NA,NA,NA,NA,NA,NA,NA,NA,NA,NA,NA,NA,NA,NA,NA,NA,NA,NA,NA,NA,NA,NA,NA,NA,NA,NA,NA,NA,NA,NA,NA,No data
79797,Migratory - Offshore - Shipping (NT),NA,NA,NA,NA,NA,NA,NA,NA,NA,NA,NA,NA,NA,NA,NA,NA,NA,NA,NA,NA,NA,NA,NA,NA,NA,NA,NA,NA,NA,NA,NA,NA,NA,NA,NA,NA,NA,NA,NA,NA,NA,NA,NA,NA,NA,NA,NA,NA,NA,NA,NA,NA,NA,NA,NA,NA,NA,NA,NA,NA,NA,NA,No data
99797,Migratory - Offshore - Shipping (OT),NA,NA,NA,NA,NA,NA,NA,NA,NA,NA,NA,NA,NA,NA,NA,NA,NA,NA,NA,NA,NA,NA,NA,NA,NA,NA,NA,NA,NA,NA,NA,NA,NA,NA,NA,NA,NA,NA,NA,NA,NA,NA,NA,NA,NA,NA,NA,NA,NA,NA,NA,NA,NA,NA,NA,NA,NA,NA,NA,NA,NA,NA,No data
39797,Migratory - Offshore - Shipping (Qld),NA,NA,NA,NA,NA,NA,NA,NA,NA,NA,NA,NA,NA,NA,NA,NA,NA,NA,NA,NA,NA,NA,NA,NA,NA,NA,NA,NA,NA,NA,NA,NA,NA,NA,NA,NA,NA,NA,NA,NA,NA,NA,NA,NA,NA,NA,NA,NA,NA,NA,NA,NA,NA,NA,NA,NA,NA,NA,NA,NA,NA,NA,No data
49797,Migratory - Offshore - Shipping (SA),NA,NA,NA,NA,NA,NA,NA,NA,NA,NA,NA,NA,NA,NA,NA,NA,NA,NA,NA,NA,NA,NA,NA,NA,NA,NA,NA,NA,NA,NA,NA,NA,NA,NA,NA,NA,NA,NA,NA,NA,NA,NA,NA,NA,NA,NA,NA,NA,NA,NA,NA,NA,NA,NA,NA,NA,NA,NA,NA,NA,NA,NA,No data
69797,Migratory - Offshore - Shipping (Tas.),NA,NA,NA,NA,NA,NA,NA,NA,NA,NA,NA,NA,NA,NA,NA,NA,NA,NA,NA,NA,NA,NA,NA,NA,NA,NA,NA,NA,NA,NA,NA,NA,NA,NA,NA,NA,NA,NA,NA,NA,NA,NA,NA,NA,NA,NA,NA,NA,NA,NA,NA,NA,NA,NA,NA,NA,NA,NA,NA,NA,NA,NA,No data
29797,Migratory - Offshore - Shipping (Vic.),NA,NA,NA,NA,NA,NA,NA,NA,NA,NA,NA,NA,NA,NA,NA,NA,NA,NA,NA,NA,NA,NA,NA,NA,NA,NA,NA,NA,NA,NA,NA,NA,NA,NA,NA,NA,NA,NA,NA,NA,NA,NA,NA,NA,NA,NA,NA,NA,NA,NA,NA,NA,NA,NA,NA,NA,NA,NA,NA,NA,NA,NA,No data
59797,Migratory - Offshore - Shipping (WA),NA,NA,NA,NA,NA,NA,NA,NA,NA,NA,NA,NA,NA,NA,NA,NA,NA,NA,NA,NA,NA,NA,NA,NA,NA,NA,NA,NA,NA,NA,NA,NA,NA,NA,NA,NA,NA,NA,NA,NA,NA,NA,NA,NA,NA,NA,NA,NA,NA,NA,NA,NA,NA,NA,NA,NA,NA,NA,NA,NA,NA,NA,No data
21502,Mildura,NA,NA,NA,NA,NA,NA,NA,NA,NA,NA,NA,NA,1,1,NA,NA,NA,NA,NA,1,2,NA,NA,5,53737,54156,54658,55433,56154,56764,57335,56966,57250,57554,57626,NA,NA,NA,NA,NA,NA,NA,NA,NA,NA,NA,NA,1.846517468055248,1.829558345,NA,NA,NA,NA,NA,1.746724890829694,3.474997393751955,NA,NA,8.676639017110332,NA,86.76639017110332,0,0 Suspected cases
40303,Mitcham,NA,NA,NA,NA,NA,NA,NA,NA,NA,NA,NA,1,NA,1,NA,NA,1,1,NA,NA,1,NA,NA,5,64674,64928,65168,65536,66054,66359,66844,66822,67039,68179,69086,NA,NA,NA,NA,NA,NA,NA,NA,NA,NA,NA,1.546216408448527,NA,1.534495457893445,NA,NA,1.506954595458039,1.496020585243253,NA,NA,1.466727291394711,NA,NA,7.237356338476681,NA,72.37356338476681,0,0 Suspected cases
21602,Moira,NA,NA,NA,NA,NA,NA,NA,NA,NA,NA,NA,NA,NA,NA,NA,1,NA,NA,NA,1,NA,NA,NA,2,29100,29288,29486,29717,29910,30099,30298,30367,30584,30775,30836,NA,NA,NA,NA,NA,NA,NA,NA,NA,NA,NA,NA,NA,NA,NA,3.343363423604146,NA,NA,NA,3.269683494637719,NA,NA,NA,6.485925541574782,NA,64.85925541574782,0,0 Suspected cases
80110,Molonglo,NA,NA,NA,NA,NA,NA,NA,NA,NA,NA,NA,NA,NA,NA,NA,NA,NA,NA,NA,NA,NA,NA,NA,NA,1074,3110,4592,5805,6995,7994,9453,11404,12635,14253,16026,NA,NA,NA,NA,NA,NA,NA,NA,NA,NA,NA,NA,NA,NA,NA,NA,NA,NA,NA,NA,NA,NA,NA,NA,NA,NA,0,No data
21205,Monash,0,0,0,0,0,0,0,0,0,1,0,2,1,NA,1,2,3,4,1,3,3,1,1,21,178402,181292,184587,187609,190014,191835,192834,185251,187417,195627,201180,0,0,0,0,0,0,0,0,0,0.511176883,0,1.121063665205547,0.55159632,NA,0.533023469,1.052554022335196,1.563843928375948,2.074322992833214,0.539808152,1.60070858,1.533530647609993,0.497067303,0.497067303,10.438413361169102,4.970673029128144,104.38413361169103,0.481684431,<10 Suspected cases
11003,Moree - Narrabri,0,0,1,0,0,0,0,0,0,0,0,NA,NA,1,1,1,NA,NA,NA,1,NA,NA,1,4,26662,26518,26376,26156,25928,25677,25337,25037,24858,24906,24828,0,0,3.791325447376403,0,0,0,0,0,0,0,0,NA,NA,3.791325447376403,3.823214559,3.856834310398025,NA,NA,NA,4.022849786788961,NA,NA,4.027710649266957,16.110842597067826,40.27710649266957,161.10842597067827,3.542544184,<10 Suspected cases
21003,Moreland - North,NA,NA,NA,NA,NA,NA,NA,NA,NA,NA,NA,NA,NA,NA,NA,NA,1,NA,NA,1,3,1,NA,6,75258,77168,79507,81221,82691,83689,84021,81472,81792,84252,85970,NA,NA,NA,NA,NA,NA,NA,NA,NA,NA,NA,NA,NA,NA,NA,NA,1.194900166091123,NA,NA,1.222613458528951,3.560746332431278,1.163196464,NA,6.979178783296499,NA,69.79178783296499,0,0 Suspected cases
21402,Mornington Peninsula,NA,NA,NA,NA,NA,NA,NA,NA,NA,NA,NA,1,3,1,3,1,2,3,1,1,4,4,NA,24,156500,158831,161528,164188,166564,168594,170186,170440,169733,170243,171450,NA,NA,NA,NA,NA,NA,NA,NA,NA,NA,NA,0.638977636,1.888800045331201,0.619087712,1.827173727678028,0.600369828,1.186281836838796,1.762777196714183,0.586716733,0.589160623,2.349582655380838,2.333041703120443,NA,13.99825021872266,NA,139.9825021872266,0,0 Suspected cases
11603,Mount Druitt,0,0,0,0,0,0,0,0,0,2,0,NA,1,NA,1,2,2,1,2,4,5,2,2,20,111739,113693,115612,117111,118026,118503,118049,116792,116243,117687,118825,0,0,0,0,0,0,0,0,0,1.699423045875925,0,NA,0.879561626,NA,0.853890753,1.694541880602579,1.687720986,0.847105863,1.712446057949174,3.441067419113409,4.248557614689813,1.683147485798443,1.683147485798443,16.83147485798443,16.831474857984432,168.3147485798443,1.559721745640578,<10 Suspected cases
30303,Mt Gravatt,0,1,1,0,0,0,0,0,2,0,1,NA,1,1,1,NA,NA,1,NA,5,1,2,5,12,71973,72951,74455,76085,77550,78934,80396,80648,82028,84397,86540,0,1.370783128401256,1.343093143509502,0,0,0,0,0,2.438191837,0,1.155535012710885,NA,1.370783128401256,1.343093143509502,1.314319511073142,NA,NA,1.243842977,NA,6.095479592334325,1.184876239676766,2.311070025,5.777675063554426,13.866420152530623,57.77675063554426,138.66420152530623,5.773958753148251,<10 Suspected cases
30905,Mudgeeraba - Tallebudgera,2,1,1,0,2,0,0,2,0,1,3,2,2,3,NA,2,NA,1,2,1,1,4,12,18,33620,34110,34431,35056,35440,35796,36168,36504,36927,37482,38104,5.948839976,2.931691586045148,2.904359443524731,0,5.643340858,0,0,5.478851632697787,0,2.667947281,7.873189166491708,5.948839976,5.863383172090296,8.713078330574191,NA,5.643340858,NA,2.764875028,5.478851632697787,2.708045603487963,2.667947281,10.497585555322276,31.49275666596683,47.23913499895024,314.9275666596683,472.3913499895024,30.484861725748022,30-99 Suspected cases
50402,Mundaring,NA,NA,NA,NA,NA,NA,NA,NA,NA,NA,NA,NA,NA,NA,NA,NA,NA,NA,1,NA,1,NA,NA,2,43698,43568,43200,43311,43665,44071,44648,45323,45624,46807,47861,NA,NA,NA,NA,NA,NA,NA,NA,NA,NA,NA,NA,NA,NA,NA,NA,NA,NA,2.206385278997419,NA,2.136432584869784,NA,NA,4.178767681410751,NA,41.78767681410752,0,0 Suspected cases
40703,Murray and Mallee,NA,NA,NA,NA,NA,NA,NA,NA,NA,NA,NA,NA,NA,NA,NA,NA,NA,NA,1,NA,NA,NA,NA,1,70576,71055,71511,71872,72205,72584,72908,73075,73297,73832,74432,NA,NA,NA,NA,NA,NA,NA,NA,NA,NA,NA,NA,NA,NA,NA,NA,NA,NA,1.368457064659596,NA,NA,NA,NA,1.343508168529665,NA,13.435081685296646,0,0 Suspected cases
21503,Murray River - Swan Hill,NA,NA,NA,NA,NA,NA,NA,NA,NA,NA,NA,NA,NA,NA,NA,NA,NA,NA,NA,NA,NA,NA,NA,NA,37809,37735,37747,37892,38055,38135,38230,38128,37893,37672,37454,NA,NA,NA,NA,NA,NA,NA,NA,NA,NA,NA,NA,NA,NA,NA,NA,NA,NA,NA,NA,NA,NA,NA,NA,NA,NA,0,No data
31607,Nambour,4,0,1,0,0,1,0,0,0,0,0,4,3,1,2,2,4,4,2,3,2,5,6,32,41656,42525,43534,44834,46469,47866,49216,50618,52015,53174,54392,9.602458229306702,0,2.297055175,0,0,2.089165587264446,0,0,0,0,0,9.602458229306702,7.054673721340388,2.297055175,4.46090021,4.303944565,8.356662349057785,8.127438231,3.951163617685408,5.767567047966933,3.761236694625193,9.192528312987204,11.031033975584645,58.832181203118104,110.31033975584644,588.321812,11.400363671601124,10-29 Suspected cases
31304,Narangba - Burpengary,5,5,0,0,0,0,1,1,0,0,1,6,8,2,NA,2,4,6,4,3,1,5,13,41,62825,63662,64722,65725,66930,68281,69487,70466,72327,74115,76186,7.958615200955034,7.853978825673086,0,0,0,0,1.439118108423158,1.419124116595238,0,0,1.312577113905442,9.550338241,12.566366121076939,3.090139365285375,NA,2.988196623337815,5.858145018,8.634708651,5.676496466,4.147828611721764,1.349254537,6.56288557,17.063502480770747,53.81566167012312,170.63502480770745,538.1566167012312,17.224794163709742,10-29 Suspected cases
30304,Nathan,2,2,1,0,1,1,1,0,0,1,0,4,4,1,4,9,2,5,2,1,4,2,9,38,39770,40149,40581,40703,40760,40945,40894,40480,40852,42104,43252,5.028916268544129,4.981444120650576,2.464207387693748,0,2.453385672227674,2.442300647209672,2.445346505599844,0,0,2.375071252137564,0,10.057832537088258,9.962888241301153,2.464207387693748,9.827285458074343,22.080471050049066,4.884601294419343,12.226732527999216,4.940711462450593,2.447860569861941,9.500285008550257,4.624063627115509,20.80828632201979,87.85720891519468,208.0828632201979,878.5720891519468,19.978245910009104,10-29 Suspected cases
30906,Nerang,NA,NA,NA,NA,NA,NA,NA,NA,NA,NA,NA,NA,NA,NA,NA,NA,NA,NA,NA,NA,NA,NA,NA,NA,68089,68691,69282,69882,70509,70681,70786,70687,71173,72380,73356,NA,NA,NA,NA,NA,NA,NA,NA,NA,NA,NA,NA,NA,NA,NA,NA,NA,NA,NA,NA,NA,NA,NA,NA,NA,NA,0,No data
11103,Newcastle,0,1,4,1,3,2,0,2,1,0,2,2,3,5,5,7,6,7,7,3,4,6,16,55,166810,168059,169360,171607,173823,176021,178080,179587,182078,185058,187897,0,0.595029127,2.361832782239017,0.582726812,1.725893581401771,1.136228063696945,0,1.113666356696198,0.549215172,0,1.064412949647946,1.198968886757389,1.785087380027252,2.952290977798772,2.913634059216698,4.027085023270798,3.408684191090836,3.930817610062893,3.897832248436691,1.647645514559694,2.161484507559792,3.193238848943837,8.515303597183564,29.27135612,85.15303597183564,292.7135612,8.254315459301065,<10 Suspected cases
20903,Nillumbik - Kinglake,0,0,0,0,0,0,0,1,0,0,0,NA,NA,2,2,1,NA,1,2,1,1,2,1,12,67289,67597,68158,68463,68663,68617,68494,67687,67375,67617,68092,0,0,0,0,0,0,0,1.477388567967261,0,0,0,NA,NA,2.934358402535286,2.921285950075223,1.456388447926831,NA,1.459981896224487,2.954777135934522,1.484230055658627,1.478918023573953,2.937202608235916,1.468601304117958,17.623215649415496,14.686013041179582,176.23215649415496,1.336805462721843,<10 Suspected cases
89999,No usual address (ACT),NA,NA,NA,NA,NA,NA,NA,NA,NA,NA,NA,NA,NA,NA,NA,NA,NA,NA,NA,NA,NA,NA,NA,NA,NA,NA,NA,NA,NA,NA,NA,NA,NA,NA,NA,NA,NA,NA,NA,NA,NA,NA,NA,NA,NA,NA,NA,NA,NA,NA,NA,NA,NA,NA,NA,NA,NA,NA,NA,NA,NA,NA,No data
19999,No usual address (NSW),NA,NA,NA,NA,NA,NA,NA,NA,NA,NA,NA,NA,NA,NA,NA,NA,NA,NA,NA,NA,NA,NA,NA,NA,NA,NA,NA,NA,NA,NA,NA,NA,NA,NA,NA,NA,NA,NA,NA,NA,NA,NA,NA,NA,NA,NA,NA,NA,NA,NA,NA,NA,NA,NA,NA,NA,NA,NA,NA,NA,NA,NA,No data
79999,No usual address (NT),NA,NA,NA,NA,NA,NA,NA,NA,NA,NA,NA,NA,NA,NA,NA,NA,NA,NA,NA,NA,NA,NA,NA,NA,NA,NA,NA,NA,NA,NA,NA,NA,NA,NA,NA,NA,NA,NA,NA,NA,NA,NA,NA,NA,NA,NA,NA,NA,NA,NA,NA,NA,NA,NA,NA,NA,NA,NA,NA,NA,NA,NA,No data
99999,No usual address (OT),NA,NA,NA,NA,NA,NA,NA,NA,NA,NA,NA,NA,NA,NA,NA,NA,NA,NA,NA,NA,NA,NA,NA,NA,NA,NA,NA,NA,NA,NA,NA,NA,NA,NA,NA,NA,NA,NA,NA,NA,NA,NA,NA,NA,NA,NA,NA,NA,NA,NA,NA,NA,NA,NA,NA,NA,NA,NA,NA,NA,NA,NA,No data
39999,No usual address (Qld),NA,NA,NA,NA,NA,NA,NA,NA,NA,NA,NA,NA,NA,NA,NA,NA,NA,NA,NA,NA,NA,NA,NA,NA,NA,NA,NA,NA,NA,NA,NA,NA,NA,NA,NA,NA,NA,NA,NA,NA,NA,NA,NA,NA,NA,NA,NA,NA,NA,NA,NA,NA,NA,NA,NA,NA,NA,NA,NA,NA,NA,NA,No data
49999,No usual address (SA),NA,NA,NA,NA,NA,NA,NA,NA,NA,NA,NA,NA,NA,NA,NA,NA,NA,NA,NA,NA,NA,NA,NA,NA,NA,NA,NA,NA,NA,NA,NA,NA,NA,NA,NA,NA,NA,NA,NA,NA,NA,NA,NA,NA,NA,NA,NA,NA,NA,NA,NA,NA,NA,NA,NA,NA,NA,NA,NA,NA,NA,NA,No data
69999,No usual address (Tas.),NA,NA,NA,NA,NA,NA,NA,NA,NA,NA,NA,NA,NA,NA,NA,NA,NA,NA,NA,NA,NA,NA,NA,NA,NA,NA,NA,NA,NA,NA,NA,NA,NA,NA,NA,NA,NA,NA,NA,NA,NA,NA,NA,NA,NA,NA,NA,NA,NA,NA,NA,NA,NA,NA,NA,NA,NA,NA,NA,NA,NA,NA,No data
29999,No usual address (Vic.),NA,NA,NA,NA,NA,NA,NA,NA,NA,NA,NA,NA,NA,NA,NA,NA,NA,NA,NA,NA,NA,NA,NA,NA,NA,NA,NA,NA,NA,NA,NA,NA,NA,NA,NA,NA,NA,NA,NA,NA,NA,NA,NA,NA,NA,NA,NA,NA,NA,NA,NA,NA,NA,NA,NA,NA,NA,NA,NA,NA,NA,NA,No data
59999,No usual address (WA),NA,NA,NA,NA,NA,NA,NA,NA,NA,NA,NA,NA,NA,NA,NA,NA,NA,NA,NA,NA,NA,NA,NA,NA,NA,NA,NA,NA,NA,NA,NA,NA,NA,NA,NA,NA,NA,NA,NA,NA,NA,NA,NA,NA,NA,NA,NA,NA,NA,NA,NA,NA,NA,NA,NA,NA,NA,NA,NA,NA,NA,NA,No data
31605,Noosa,1,1,1,0,0,0,0,1,1,1,1,2,1,2,1,1,1,3,5,4,2,2,7,24,40556,41594,42583,43842,45150,46157,46884,47074,47614,48457,49262,2.465726402998323,2.404192912439294,2.348354977338374,0,0,0,0,2.124314908442027,2.100222623598102,2.063685329260994,2.029962242702286,4.931452805996646,2.404192912439294,4.696709954676749,2.280917841339355,2.214839424,2.166518621227549,6.398771436,10.621574542210137,8.400890494392407,4.127370658521989,4.059924485404571,14.2097357,48.71909382485486,142.097357,487.1909382485486,14.02319436347719,10-29 Suspected cases
31608,Noosa Hinterland,5,6,2,2,4,8,1,5,2,4,3,5,11,5,2,5,9,5,8,8,5,8,42,71,22155,22280,22444,22824,23300,23735,24136,24524,25023,25578,25972,22.568269013766646,26.929982046678635,8.911067545891997,8.762705923589206,17.16738197424893,33.70549820939541,4.143188597944978,20.388191159680314,7.992646764976223,15.638439283759482,11.55090097027568,22.568269013766646,49.37163375224417,22.277668864729993,8.762705923589206,21.459227467811157,37.91868548556983,20.715942989724894,32.62110586,31.97058705990489,19.548049104699352,30.802402587401815,161.71261358385954,273.3713229631911,1617.1261358385952,2733.713229631911,160.32308919689584,100-299 Suspected cases
90104,Norfolk Island,0,0,0,0,0,0,0,0,0,0,1,NA,NA,NA,NA,NA,NA,NA,NA,NA,NA,2,1,2,0,0,1757,1845,1938,2015,2102,2221,2211,2209,2200,NA,NA,0,0,0,0,0,0,0,0,45.45454545454545,NA,NA,NA,NA,NA,NA,NA,NA,NA,NA,90.90909091,45.45454545454545,90.90909091,454.54545454545456,909.0909090909091,54.05989836739107,No data
80105,North Canberra,1,2,0,0,2,1,0,0,0,2,3,1,3,2,1,2,3,2,1,3,6,11,11,35,52667,53367,54356,56183,57679,59229,60574,61160,62578,64825,66338,1.898722159986329,3.747634305844436,0,0,3.467466495604986,1.688362119907478,0,0,0,3.085229463941381,4.522294913925654,1.898722159986329,5.621451458766654,3.679446611229671,1.779897833864336,3.467466495604986,5.065086359722433,3.301746623964077,1.635055591890124,4.794017066700758,9.255688391824142,16.581748017727396,16.581748017727396,52.76010732913263,165.81748017727395,527.6010732913263,16.950301715370536,10-29 Suspected cases
60203,North East,0,0,0,0,0,1,0,0,0,1,0,NA,NA,NA,NA,NA,1,1,NA,NA,1,NA,2,3,37787,37702,37706,38023,38493,38920,39572,40470,40815,41101,41410,0,0,0,0,0,2.569373072970195,0,0,0,2.433030826500572,0,NA,NA,NA,NA,NA,2.569373072970195,2.527039320731831,NA,NA,2.433030826500572,NA,4.829751267809708,7.244626901714561,48.29751267809708,72.44626901714561,4.629640346389691,<10 Suspected cases
31402,North Lakes,3,2,0,0,0,0,0,0,0,0,0,3,8,NA,2,NA,3,5,2,2,4,NA,5,29,64702,69401,74276,77808,81639,84925,87680,89816,93054,96019,97949,4.636641834873728,2.881802856,0,0,0,0,0,0,0,0,0,4.636641834873728,11.52721142346652,NA,2.570429775858524,NA,3.532528701795702,5.702554744525547,2.226774739467356,2.149289659767447,4.165842177069122,NA,5.104697342494563,29.607244586468468,51.046973424945634,296.07244586468465,5.450963675868256,<10 Suspected cases
12104,North Sydney - Mosman,3,3,3,3,3,4,5,3,5,10,9,8,13,11,20,18,27,17,19,21,26,26,51,206,97801,98918,99956,100418,100320,99766,98479,95419,94887,98488,99529,3.067453298023538,3.032815058937706,3.001320581055665,2.987512199008146,2.990430622,4.009381953771825,5.077224585952335,3.144027919,5.269425737983075,10.153521241166438,9.042590601734167,8.1798754613961009,13.142198588730059,11.004842130537437,19.91674799338764,17.942583732057415,27.063328187959826,17.26256359223794,19.912176820130163,22.131588099528912,26.399155227032733,26.12303951612093,51.241346743160285,206.97485155080432,512.4134674316028,2069.748515508043,47.04879514,30-99 Suspected cases
40105,Norwood - Payneham - St Peters,NA,NA,NA,NA,NA,NA,NA,NA,NA,NA,NA,NA,NA,NA,NA,NA,NA,1,NA,1,NA,NA,NA,2,36361,36369,36396,36678,36996,37477,37958,37823,38019,39312,40062,NA,NA,NA,NA,NA,NA,NA,NA,NA,NA,NA,NA,NA,NA,NA,NA,NA,2.634490752937457,NA,2.630263815460691,NA,NA,NA,4.992261994,NA,49.92261994,0,0 Suspected cases
30203,Nundah,0,0,0,0,0,0,1,0,0,0,0,1,NA,NA,2,NA,2,2,NA,NA,NA,2,1,9,38769,39511,40433,41158,41846,42732,43261,43628,44468,45561,46663,0,0,0,0,0,0,2.311550819444766,0,0,0,0,2.579380432820037,NA,NA,4.859322610428106,NA,4.680333239726669,4.623101638889532,NA,NA,NA,4.286051046867968,2.143025523433984,19.287229710905855,21.430255234339842,192.87229710905856,2.136615174240967,<10 Suspected cases
40304,Onkaparinga,0,0,0,0,0,1,0,0,0,0,0,NA,NA,NA,1,1,1,1,2,NA,NA,1,1,7,168688,169737,170686,171801,172943,174472,176279,177935,179857,182228,184219,0,0,0,0,0,0.573157871,0,0,0,0,0,NA,NA,NA,0.582068789,0.578225196,0.573157871,0.567282546,1.124005957231573,NA,NA,0.542832173,0.542832173,3.799825208,5.428321725772043,37.998252080404306,0.518444976,<10 Suspected cases
10304,Orange,1,0,0,1,1,0,0,0,1,0,0,1,NA,NA,2,1,NA,3,NA,1,4,3,4,15,57925,58200,58703,59405,60185,60818,61142,61506,61860,62270,62800,1.726370306430729,0,0,1.683359987,1.661543573980228,0,0,0,1.616553507921112,0,0,1.726370306430729,NA,NA,3.366719973,1.661543573980228,NA,4.906610840338884,NA,1.616553507921112,6.423638991488678,4.777070063694268,6.369426751592356,23.88535031847134,63.69426751592356,238.8535031847134,6.016720466175502,<10 Suspected cases
30907,Ormeau - Oxenford,4,2,3,3,1,1,0,1,0,2,0,4,7,11,5,10,2,4,4,3,10,10,17,70,111943,117043,124550,131987,140202,147617,154661,160692,167763,174709,180138,3.573247098970012,1.708773698555232,2.408671216378965,2.272951123974331,0.713256587,0.677428751,0,0.622308516,0,1.144760716391256,0,3.573247098970012,5.980707944943312,8.8317944600562015,3.788251873290552,7.132565869245803,1.354857502862136,2.586301653293332,2.489234062678914,1.788236977164214,5.723803581956282,5.551299559226815,9.437209250685585,38.85909691458771,94.37209250685585,388.59096914587707,10.550454445309859,10-29 Suspected cases
31502,Outback - North,0,0,0,0,0,0,0,0,0,0,1,NA,NA,NA,NA,NA,NA,NA,1,1,1,1,1,4,33208,32248,31000,30807,30760,30800,31034,31131,31100,31160,31095,0,0,0,0,0,0,0,0,0,0,3.215951117543013,NA,NA,NA,NA,NA,NA,NA,3.212232180141981,3.215434083601286,3.209242618741977,3.215951117543013,3.215951117543013,12.863804470172052,32.15951117543013,128.63804470172053,2.904081105177105,<10 Suspected cases
40602,Outback - North and East,NA,NA,NA,NA,NA,NA,NA,NA,NA,NA,NA,NA,NA,NA,NA,NA,1,1,NA,NA,1,NA,NA,3,28354,27984,27339,27103,27083,26973,26831,26699,26587,26555,26540,NA,NA,NA,NA,NA,NA,NA,NA,NA,NA,NA,NA,NA,NA,NA,NA,3.707411114818522,3.727032164287578,NA,NA,3.765769158350593,NA,NA,11.303692539562924,NA,113.03692539562924,0,0 Suspected cases
31503,Outback - South,0,0,0,0,0,0,0,0,1,0,0,NA,2,2,1,2,NA,2,3,2,NA,1,1,15,19463,18708,17954,17693,17651,17593,17445,17417,17430,17535,17629,0,0,0,0,0,0,0,0,5.737234652897303,0,0,NA,10.690613641223006,11.139578923916677,5.651952749675013,11.330802787377486,NA,11.464603038119805,17.22455072630189,11.474469305794607,NA,5.672471495830734,5.672471495830734,85.08707244,56.72471495830733,850.8707244,5.088592394,<10 Suspected cases
NA,Outside Australia,NA,NA,NA,NA,NA,NA,NA,NA,NA,NA,NA,NA,NA,NA,NA,NA,NA,NA,NA,NA,NA,NA,NA,NA,NA,NA,NA,NA,NA,NA,NA,NA,NA,NA,NA,NA,NA,NA,NA,NA,NA,NA,NA,NA,NA,NA,NA,NA,NA,NA,NA,NA,NA,NA,NA,NA,NA,NA,NA,NA,NA,NA,No data
70104,Palmerston,NA,NA,NA,NA,NA,NA,NA,NA,NA,NA,NA,NA,1,NA,NA,NA,2,1,3,NA,6,NA,NA,13,33916,35123,35880,36662,37468,38080,38782,39405,40317,40956,41432,NA,NA,NA,NA,NA,NA,NA,NA,NA,NA,NA,NA,2.847137203541839,NA,NA,NA,5.252100840336134,2.578515806301893,7.613247049866768,NA,14.64986815118664,NA,NA,31.37671365128403,NA,313.7671365128403,0,0 Suspected cases
12504,Parramatta,NA,NA,NA,NA,NA,NA,NA,NA,NA,NA,NA,1,NA,1,3,2,NA,NA,2,2,NA,2,NA,13,140504,143355,145919,150934,154137,156666,156903,153321,153118,159235,162662,NA,NA,NA,NA,NA,NA,NA,NA,NA,NA,NA,0.71172351,NA,0.685311714,1.987623729577166,1.297546987420282,NA,NA,1.304452749460283,1.306182160164056,NA,1.229543471,NA,7.992032558311099,NA,79.92032558,0,0 Suspected cases
12601,Pennant Hills - Epping,0,0,0,0,0,1,0,0,2,2,0,1,NA,NA,1,1,3,1,NA,2,4,NA,5,13,47200,48258,49301,50521,52744,54395,55185,55057,55373,56622,57379,0,0,0,0,0,1.838404265097895,0,0,3.611868600220324,3.532195966232206,0,2.118644068,NA,NA,1.979374913402348,1.895950250265433,5.515212795293685,1.812086617740328,NA,3.611868600220324,7.064391932464413,NA,8.713989439,22.656372540476482,87.13989439,226.56372540476482,8.590548678344087,<10 Suspected cases
12403,Penrith,0,0,1,0,0,0,0,0,0,1,0,NA,NA,2,3,2,NA,3,1,NA,3,6,2,20,136660,140106,143445,147082,150831,154621,157885,160496,162639,165931,169142,0,0,0.697131305,0,0,0,0,0,0,0.602660142,0,NA,NA,1.394262609362473,2.039678546661046,1.325987363340427,NA,1.900117174,0.623068488,NA,1.807980425598592,3.547315273557129,1.182438424519043,11.824384245190432,11.824384245190432,118.24384245190431,1.184246209523945,<10 Suspected cases
50302,Perth City,NA,NA,NA,NA,NA,NA,NA,NA,NA,NA,NA,NA,1,NA,1,1,1,2,1,2,NA,1,NA,10,105877,106847,107532,108506,109294,111443,114409,114608,116373,122281,126934,NA,NA,NA,NA,NA,NA,NA,NA,NA,NA,NA,NA,0.935917714,NA,0.921608022,0.91496331,0.897319706,1.748114221783251,0.872539439,1.718611705464326,NA,0.787810988,NA,7.878109884,NA,78.78109884,0,0 Suspected cases
12202,Pittwater,8,18,24,69,42,51,56,59,49,63,53,15,28,35,117,112,103,92,102,102,126,110,492,942,61998,62657,63304,63707,63928,64066,64024,63581,63221,64006,64366,12.90364205296945,28.72783567677993,37.91229622140781,108.30834916100271,65.69891127518459,79.60540692410952,87.46719980007497,92.79501738,77.50589202954714,98.42827234946724,82.34160892396606,24.19432884931772,44.68774438610211,55.288765322886384,183.65328770778723,175.19709673382556,160.77170418006432,143.69611395726602,160.42528428304053,161.33879565334303,196.85654469893447,170.8976788987975,764.3787092564397,1463.5055774787932,7643.787092564397,14635.05577478793,704.0056778344099,>300 Suspected cases
40202,Playford,NA,NA,NA,NA,NA,NA,NA,NA,NA,NA,NA,NA,NA,1,1,NA,NA,NA,NA,1,1,NA,NA,4,88154,89803,91348,93315,95104,97005,99242,101299,104147,107770,111850,NA,NA,NA,NA,NA,NA,NA,NA,NA,NA,NA,NA,NA,1.094714717,1.071639071960564,NA,NA,NA,NA,0.960181282,0.927902014,NA,NA,3.576218149307107,NA,35.762181493071076,0,0 Suspected cases
40203,Port Adelaide - East,NA,NA,NA,NA,NA,NA,NA,NA,NA,NA,NA,NA,NA,1,NA,NA,NA,NA,NA,NA,1,NA,NA,2,66780,68159,69587,71342,73052,75077,77028,77963,79047,80586,81940,NA,NA,NA,NA,NA,NA,NA,NA,NA,NA,NA,NA,NA,1.437050023711326,NA,NA,NA,NA,NA,NA,1.240910331819423,NA,NA,2.440810349,NA,24.40810349,0,0 Suspected cases
40402,Port Adelaide - West,NA,NA,NA,NA,NA,NA,NA,NA,NA,NA,NA,NA,NA,NA,NA,NA,NA,NA,NA,NA,NA,1,NA,1,59476,59465,59324,59387,59774,60434,61190,61528,62208,63475,64699,NA,NA,NA,NA,NA,NA,NA,NA,NA,NA,NA,NA,NA,NA,NA,NA,NA,NA,NA,NA,NA,1.545618943105767,NA,1.545618943105767,NA,15.456189431057668,0,0 Suspected cases
30604,Port Douglas - Daintree,0,0,0,0,0,0,1,0,0,1,2,NA,1,NA,NA,1,1,1,NA,NA,1,4,4,9,11657,11769,11957,12125,12122,12229,12287,12356,12571,12735,12974,0,0,0,0,0,0,8.138683161,0,0,7.852375343541421,15.415446277169725,NA,8.496898632,NA,NA,8.249463784853985,8.177283506419169,8.138683161,NA,NA,7.852375343541421,30.83089255433945,30.83089255433945,69.36950824726375,308.3089255433945,693.6950824726376,29.67755338249915,10-29 Suspected cases
10804,Port Macquarie,1,3,3,2,8,3,5,5,3,10,4,4,6,5,7,8,12,8,7,5,17,12,47,91,78073,79022,80097,81404,82797,84184,85516,86654,88280,89569,90903,1.280852535447594,3.796411126,3.745458631409416,2.456881725713724,9.662185827988937,3.563622541100447,5.846859067309042,5.770074087751287,3.398278205709107,11.164577029999219,4.400294819752923,5.123410141790376,7.592822252,6.242431052349027,8.599086039998035,9.662185827988937,14.254490164401787,9.354974507694466,8.078103723,5.66379701,18.979780950998673,13.20088445925877,51.703464132096855,100.1067071,517.0346413209685,1001.0670714937901,50.72860305299844,30-99 Suspected cases
20605,Port Phillip,0,0,0,0,0,1,0,0,0,0,0,NA,NA,1,2,2,1,1,2,3,2,2,1,16,104462,106392,108637,109530,110745,111798,110595,103458,104111,109531,112672,0,0,0,0,0,0.894470384,0,0,0,0,0,NA,NA,0.9204967,1.825983748744636,1.805950607250892,0.894470384,0.904200009,1.933151617081328,2.881539894919845,1.825967077813587,1.775063902300483,0.887531951,14.200511218403863,8.875319511502413,142.0051121840386,0.838974739,<10 Suspected cases
10603,Port Stephens,0,1,3,0,1,3,0,1,3,1,0,NA,3,4,3,2,5,8,4,4,4,6,13,43,71764,72273,72954,73636,74256,74922,75684,76403,77505,78429,79356,0,1.383642577449393,4.112180277983387,0,1.346692523163111,4.004164330904141,0,1.308849128960905,3.870718018192374,1.27503857,0,NA,4.150927732,5.482907037311183,4.074094193057744,2.693385046326223,6.673607218173567,10.57026584218593,5.235396515843619,5.160957357589833,5.10015428,7.560864962951761,16.381874086395484,54.18619890115429,163.81874086395482,541.861989,15.716009294206112,10-29 Suspected cases
40106,Prospect - Walkerville,NA,NA,NA,NA,NA,NA,NA,NA,NA,NA,NA,NA,NA,NA,NA,NA,NA,NA,1,1,1,1,NA,4,28497,28828,28905,29148,29435,29895,30390,30573,30935,31557,31871,NA,NA,NA,NA,NA,NA,NA,NA,NA,NA,NA,NA,NA,NA,NA,NA,NA,NA,3.270859909070094,3.232584451,3.168869030642964,3.137648646104609,NA,12.550594584418437,NA,125.50594584418437,0,0 Suspected cases
10102,Queanbeyan,0,0,0,1,1,0,0,0,0,2,1,NA,1,NA,2,1,NA,1,3,NA,6,1,5,15,57812,58408,59122,60408,61622,62840,63957,64892,65769,66897,68473,0,0,0,1.655409879486161,1.622797053000552,0,0,0,0,2.989670687773742,1.460429658405503,NA,1.712094233666621,NA,3.310819758972322,1.622797053000552,NA,1.563550510499242,4.623066017382729,NA,8.969012063321227,1.460429658405503,7.302148292027514,21.906444876082546,73.02148292027515,219.06444876082546,7.244277021153289,<10 Suspected cases
31305,Redcliffe,6,0,1,0,0,0,0,0,0,0,0,8,7,3,1,1,11,5,3,3,6,1,7,49,60394,60922,61450,62062,62416,62895,63843,64679,65625,66730,68075,9.934761731297812,0,1.627339300244101,0,0,0,0,0,0,0,0,13.246348975063748,11.490102097764355,4.882017900732302,1.611291933872579,1.602153294027173,17.489466571269574,7.831712168914368,4.638290635291207,4.571428571428571,8.991458115,1.468968049944914,10.282776349614396,71.97943444730076,102.82776349614396,719.7943444730076,10.01300259908939,10-29 Suspected cases
12404,Richmond - Windsor,2,0,0,0,0,0,0,0,0,0,0,3,1,1,NA,2,1,2,NA,1,7,6,2,24,37359,37441,37553,37702,37884,37985,38208,38270,38351,38890,39434,5.353462351776011,0,0,0,0,0,0,0,0,0,0,8.030193527664016,2.670868833631581,2.662903096956302,NA,5.279273571956499,2.632618138738976,5.234505862646566,NA,2.607493937576595,17.999485728979174,15.215296444692397,5.071765481564132,60.86118577876959,50.717654815641325,608.6118578,4.772392663,<10 Suspected cases
11201,Richmond Valley - Coastal,6,12,19,20,21,20,25,36,16,45,38,9,30,37,40,46,38,57,89,60,91,96,258,593,79112,80130,81415,82688,84037,85266,86666,87664,88799,89928,91379,7.584184447365759,14.975664545114189,23.337222870478413,24.187306501547987,24.98899294358437,23.456008256514906,28.846375741351856,41.06588794,18.018220925911326,50.04003202562049,41.585046892612084,11.37627667104864,37.43916136278548,45.44617085303691,48.37461300309597,54.737794066899106,44.566415687378324,65.76973669028223,101.52400073006024,67.56832847216748,101.19206476292145,105.0569605708095,282.3405815340505,648.9456001926045,2823.405815340505,6489.456001926044,275.3221696240679,100-299 Suspected cases
11202,Richmond Valley - Hinterland,9,19,11,24,33,15,31,38,24,41,58,10,31,26,38,60,29,54,82,53,80,101,303,564,71734,71566,71469,71552,71710,71792,71925,71940,71990,71557,71639,12.546351799704464,26.548919878154432,15.391288530691629,33.54203935599284,46.01868637567982,20.893692890572765,43.10045185957595,52.82179594106199,33.33796360605639,57.29698002990622,80.96148745794889,13.940390888560515,43.316658748567754,36.37940925436203,53.108228980322004,83.67033886,40.39447292177401,75.07820646506778,113.98387545176537,73.62133629670788,111.79898542420727,140.98465919401445,422.9539775820433,787.2806711428133,4229.5397758204335,7872.806711428133,384.0917561,>300 Suspected cases
30908,Robina,0,0,0,0,1,0,0,1,0,1,0,1,1,NA,NA,2,1,3,2,3,6,5,3,24,49864,50714,51381,52237,53215,53943,54506,54628,55265,56582,57708,0,0,0,0,1.879169407122052,0,0,1.830563081203778,0,1.767346505955958,0,2.005454837157067,1.971842094885042,NA,NA,3.758338814244104,1.85380865,5.503981213077459,3.661126162407557,5.428390482222021,10.604079035735746,8.664309974353642,5.198585984612185,41.58868787689748,51.985859846121855,415.88687876897484,5.0843752065527434,<10 Suspected cases
30803,Rockhampton,1,0,1,0,1,0,0,2,1,0,1,5,3,4,3,4,5,9,10,8,3,9,7,63,118199,118605,118272,118774,119356,120390,121558,122759,124497,126423,128183,0.846030846,0,0.845508658,0,0.837829686,0,0,1.629208449075017,0.803232206,0,0.780134651,4.230154231423278,2.529404325281396,3.382034632034632,2.525805310926634,3.351318743925735,4.153168867846167,7.403873048256798,8.146042245375085,6.425857651188383,2.372985928193446,7.021211861167237,5.460942558685629,49.14848302817066,54.60942558685629,491.4848302817066,5.235539440066536,<10 Suspected cases
50705,Rockingham,0,0,0,0,0,0,0,2,0,0,0,NA,NA,NA,NA,1,NA,2,5,NA,NA,2,2,10,123038,126012,128992,130672,132911,135440,137931,140584,143754,148822,154132,0,0,0,0,0,0,0,1.422636999943095,0,0,0,NA,NA,NA,NA,0.752383174,NA,1.450000362500091,3.556592499857736,NA,NA,1.297589079490307,1.297589079490307,6.487945397451536,12.97589079490307,64.87945397451536,1.331302653019927,<10 Suspected cases
30305,Rocklea - Acacia Ridge,1,2,0,0,0,0,0,0,0,0,0,1,2,NA,NA,NA,1,NA,1,2,2,NA,3,9,59584,60807,62316,63503,64712,65934,67616,69112,71667,74959,77485,1.678302900107411,3.289095005509234,0,0,0,0,0,0,0,0,0,1.678302900107411,3.289095005509234,NA,NA,NA,1.516668183,NA,1.446926727630513,2.790684694489793,2.668125242,NA,3.871717106536749,11.615151319610247,38.71717106536749,116.15151319610247,4.066721341475813,<10 Suspected cases
11504,Rouse Hill - McGraths Hill,1,0,1,0,0,0,0,0,0,1,0,3,NA,1,1,3,1,1,1,NA,2,2,3,15,30996,32462,34264,36689,39854,45383,50984,56966,62992,68582,74414,3.226222738,0,2.918515059537707,0,0,0,0,0,0,1.458108541599837,0,9.678668215,NA,2.918515059537707,2.725612581427676,7.527475284789483,2.203468259039728,1.961399654793661,1.755433065337219,NA,2.916217083199673,2.687666299352272,4.031499449028409,20.157497245142043,40.314994490284086,201.57497245142042,5.622336418121915,<10 Suspected cases
12602,Ryde - Hunters Hill,1,1,4,0,2,4,1,3,3,10,7,5,8,9,10,14,13,12,13,12,30,24,36,150,134461,137335,140347,143221,145505,148841,149951,147944,149636,154437,158204,0.743710072,0.728146503,2.850078733425011,0,1.374523212260747,2.687431554477597,0.666884516,2.027794300546153,2.004865139404956,6.475132255,4.424666885793027,3.71855036,5.825172024611351,6.412677150206274,6.982216295096389,9.621662486,8.734152552,8.002614187301186,8.787108635699994,8.019460557619823,19.425396763728898,15.170286465576092,22.75542969836414,94.81429040985057,227.5542969836414,948.1429040985057,22.36188739298905,10-29 Suspected cases
40204,Salisbury,NA,NA,NA,NA,NA,NA,NA,NA,NA,NA,NA,NA,NA,2,NA,1,2,1,NA,NA,NA,NA,NA,6,135848,137292,138965,140681,142398,144080,146005,146249,146644,147958,149090,NA,NA,NA,NA,NA,NA,NA,NA,NA,NA,NA,NA,NA,1.439211312200914,NA,0.702257054,1.388117712,0.684908051,NA,NA,NA,NA,NA,4.024414783,NA,40.24414783,0,0 Suspected cases
30204,Sandgate,1,0,3,0,0,0,0,0,0,0,0,2,4,4,4,3,8,4,3,NA,1,3,4,36,57994,59013,60045,60989,61620,62094,62264,62078,62468,63680,64927,1.724316308583647,0,4.996252810392206,0,0,0,0,0,0,0,0,3.448632617167293,6.778167522410316,6.661670413856274,6.558559740281035,4.868549172346641,12.883692466260829,6.424257998201208,4.832629917200941,NA,1.570351759,4.620573875275309,6.160765167033746,55.44688650330371,61.607651670337454,554.4688650330371,5.906918774,<10 Suspected cases
50606,Serpentine - Jarrahdale,NA,NA,NA,NA,NA,NA,NA,NA,NA,NA,NA,NA,NA,NA,NA,NA,NA,NA,2,NA,NA,NA,NA,2,23634,25541,27620,29079,30234,31482,32508,33418,34855,36795,38687,NA,NA,NA,NA,NA,NA,NA,NA,NA,NA,NA,NA,NA,NA,NA,NA,NA,NA,5.984798611526722,NA,NA,NA,NA,5.169695246465221,NA,51.696952464652206,0,0 Suspected cases
21603,Shepparton,NA,NA,NA,NA,NA,NA,NA,NA,NA,NA,NA,NA,NA,NA,3,2,1,1,NA,1,NA,1,NA,9,63726,64297,64884,65760,66629,67535,68274,68325,68775,68949,69684,NA,NA,NA,NA,NA,NA,NA,NA,NA,NA,NA,NA,NA,NA,4.562043795620438,3.001695958216392,1.480713704,1.464686410639482,NA,1.454016721192294,NA,1.435049652717984,NA,12.915446874461857,NA,129.15446874461855,0,0 Suspected cases
30403,Sherwood - Indooroopilly,4,1,0,0,1,1,0,0,0,0,2,7,3,NA,3,3,3,2,1,2,2,4,9,30,51997,52607,53700,54664,55473,56176,56589,55195,56088,58834,60753,7.692751504894513,1.900887714562701,0,0,1.802678780668073,1.780119624038736,0,0,0,0,3.292018501143977,13.462315133565397,5.702663143688103,NA,5.488072588906776,5.408036342004219,5.340358872116206,3.534255774090371,1.811758311441254,3.565825132,3.399394907706428,6.584037002287953,14.814083255147892,49.38027751715965,148.14083255147892,493.8027751715965,14.70405635901424,10-29 Suspected cases
11401,Shoalhaven,9,9,13,19,28,12,8,17,23,30,45,12,13,22,33,49,25,24,28,36,47,81,213,370,99123,100384,101782,102951,104312,105598,107054,108349,109363,109645,110537,9.079628340546595,8.965572202741473,12.772395904973376,18.455381686433352,26.84254927525117,11.36385158809826,7.472864162011695,15.690038671330607,21.030878816418717,27.36102877468193,40.710350380415605,12.106171120728792,12.950270959515462,21.61482383918571,32.05408398170003,46.974461231689546,23.674690808538042,22.418592486035084,25.842416635132768,32.91789727787277,42.86561174700169,73.27863068,192.69565846730055,334.7295475723061,1926.9565846730054,3347.295475723061,183.76358168161795,100-299 Suspected cases
10103,Snowy Mountains,NA,NA,NA,NA,NA,NA,NA,NA,NA,NA,NA,NA,1,NA,1,NA,NA,NA,NA,1,1,NA,NA,4,19643,19649,19688,19861,20063,20273,20508,20720,20867,21168,21296,NA,NA,NA,NA,NA,NA,NA,NA,NA,NA,NA,NA,5.089317523,NA,5.034993202759177,NA,NA,NA,NA,4.792255715,4.724111867,NA,NA,18.782870022539445,NA,187.82870022539444,0,0 Suspected cases
60106,Sorell - Dodges Ferry,0,0,0,0,0,0,0,0,0,0,1,NA,NA,NA,NA,NA,1,NA,NA,NA,NA,1,1,2,15624,15866,16156,16617,17145,17699,18269,18773,19260,19485,19774,0,0,0,0,0,0,0,0,0,0,5.057145746940427,NA,NA,NA,NA,NA,5.650036725238714,NA,NA,NA,NA,5.057145746940427,5.057145746940427,10.114291493880854,50.57145746940427,101.14291493880854,5.136951116773173,<10 Suspected cases
80106,South Canberra,1,1,0,1,0,0,0,0,0,0,0,1,1,NA,1,3,2,NA,2,NA,2,3,3,15,26464,27006,27753,28989,29854,30576,31091,31498,32184,33033,33697,3.778718258766626,3.702880841294527,0,3.449584325088827,0,0,0,0,0,0,0,3.778718258766626,3.702880841294527,NA,3.449584325088827,10.048904669391037,6.541077969649399,NA,6.349609499,NA,6.054551509096964,8.902869691663946,8.902869691663946,44.51434845831973,89.02869691663946,445.1434845831973,9.032199792259405,<10 Suspected cases
10104,South Coast,5,11,8,8,9,12,9,17,14,29,41,7,11,13,11,12,16,17,23,23,39,53,163,225,71213,71611,72019,72832,73669,74501,75539,76437,76980,77443,78003,7.021189951272942,15.360768597003254,11.108179785889835,10.984182776801406,12.216807612428568,16.107166346760447,11.914375355776485,22.240537959365227,18.186541958950375,37.44689642704957,52.562080945604656,9.829665931782118,15.360768597003254,18.05079215207098,15.103251318101933,16.28907681657142,21.476221795680594,22.504931227577806,30.09013959208237,29.87789036113276,50.35961933292873,67.94610463700114,208.96632180813558,288.4504442136841,2089.663218081356,2884.504442136841,198.7206292738651,100-299 Suspected cases
60303,South East Coast,0,0,0,0,0,0,0,0,2,0,0,NA,NA,NA,NA,NA,NA,NA,NA,2,NA,NA,2,2,6793,6797,6814,6919,7072,7253,7508,7731,7849,7904,7985,0,0,0,0,0,0,0,0,25.480952987641736,0,0,NA,NA,NA,NA,NA,NA,NA,NA,25.480952987641736,NA,NA,25.046963055729492,25.046963055729492,250.46963055729492,250.46963055729492,24.80620155,10-29 Suspected cases
50607,South Perth,NA,NA,NA,NA,NA,NA,NA,NA,NA,NA,NA,NA,1,NA,NA,NA,NA,NA,1,NA,1,1,NA,4,44306,44152,43936,43934,44037,44586,45123,45002,45245,46747,47958,NA,NA,NA,NA,NA,NA,NA,NA,NA,NA,NA,NA,2.264903062,NA,NA,NA,NA,NA,2.222123461179503,NA,2.139174706398272,2.085157846448976,NA,8.340631385795906,NA,83.40631385795905,0,0 Suspected cases
11402,Southern Highlands,1,0,0,1,1,1,0,2,0,0,0,2,1,1,2,2,1,NA,6,1,1,2,6,19,47462,48141,48987,49755,50526,51267,51986,52459,52800,53123,53517,2.106948716868231,0,0,2.009848256456638,1.979179036535645,1.950572493026703,0,3.812501191406622,0,0,0,4.213897433736463,2.077231465902245,2.041357911282585,4.019696512913275,3.958358073,1.950572493026703,NA,11.437503574219868,1.893939393939394,1.882423808896335,3.737130257675131,11.211390773025393,35.502737447913745,112.11390773025393,355.0273744791375,10.713845681338087,10-29 Suspected cases
30909,Southport,NA,NA,NA,NA,NA,NA,NA,NA,NA,NA,NA,NA,NA,NA,1,2,1,NA,NA,2,1,1,NA,8,59259,60082,60937,62506,63509,64232,65194,65391,66171,67751,68651,NA,NA,NA,NA,NA,NA,NA,NA,NA,NA,NA,NA,NA,NA,1.599846414744185,3.149159961580249,1.556856395566073,NA,NA,3.022472079914162,1.475992974273443,1.456643020494967,NA,11.653144163959738,NA,116.53144163959739,0,0 Suspected cases
31004,Springfield - Redbank,1,1,1,1,0,0,0,0,0,2,0,3,3,3,3,3,2,2,5,7,5,3,6,39,80097,83323,87012,90593,94616,99456,103574,107223,112400,116850,120789,1.248486210469805,1.200148818453488,1.149266767802142,1.103838044882055,0,0,0,0,0,1.711596063329054,0,3.745458631409416,3.600446455360465,3.447800303406427,3.311514134646165,3.170711084805952,2.010939510939511,1.930986541023809,4.663178609067084,6.227758007117438,4.278990158322635,2.483669871,4.967339741,32.28770831781039,49.673397412015994,322.87708317810393,5.474787236081037,<10 Suspected cases
31106,Springwood - Kingston,2,0,0,2,0,0,0,0,0,0,1,4,4,1,6,1,2,3,3,3,4,5,5,36,80518,80299,80226,80599,80781,80979,80930,80269,80546,82140,83549,2.48391664,0,0,2.481420365016936,0,0,0,0,0,0,1.196902416545979,4.96783328,4.981382084459333,1.246478697679057,7.444261095050807,1.237914856216189,2.469776114795194,3.706907203756333,3.737432881934495,3.724579743252303,4.869734599464329,5.984512082729895,5.984512082729895,43.088486995655245,59.84512082729895,430.88486995655245,5.612705368889448,<10 Suspected cases
12405,St Marys,NA,NA,NA,NA,NA,NA,NA,NA,NA,NA,NA,NA,NA,NA,NA,NA,NA,NA,NA,NA,NA,NA,NA,NA,54905,55266,55641,56089,56531,56895,57169,57150,57366,58046,59138,NA,NA,NA,NA,NA,NA,NA,NA,NA,NA,NA,NA,NA,NA,NA,NA,NA,NA,NA,NA,NA,NA,NA,NA,NA,NA,0,No data
50502,Stirling,0,0,0,0,0,0,0,0,1,0,0,NA,2,NA,NA,3,2,NA,1,5,NA,4,1,17,200639,201437,201457,203254,205687,208774,213553,215487,217436,224392,229809,0,0,0,0,0,0,0,0,0.459905443,0,0,NA,0.992866256,NA,NA,1.458526790706267,0.957973694,NA,0.464065118,2.299527217204143,NA,1.740575869526433,0.435143967,7.397447445,4.351439673816082,73.97447445,0.430677132,<10 Suspected cases
20804,Stonnington - East,NA,NA,NA,NA,NA,NA,NA,NA,NA,NA,NA,NA,NA,1,1,NA,1,NA,NA,2,3,NA,NA,8,42766,43183,43723,44014,44361,44691,44536,42671,42974,44515,45418,NA,NA,NA,NA,NA,NA,NA,NA,NA,NA,NA,NA,NA,2.287125769,2.272004362248375,NA,2.237586986194088,NA,NA,4.653976823,6.739301359,NA,NA,17.614161786076004,NA,176.14161786076005,0,0 Suspected cases
20606,Stonnington - West,NA,NA,NA,NA,NA,NA,NA,NA,NA,NA,NA,NA,NA,NA,2,NA,NA,NA,2,5,2,3,NA,14,63128,64845,67280,68120,68979,69109,68074,63519,63550,66820,68620,NA,NA,NA,NA,NA,NA,NA,NA,NA,NA,NA,NA,NA,NA,2.935995302407516,NA,NA,NA,3.148664179221965,7.867820613690008,2.993115834,4.371903235208395,NA,20.40221509763917,NA,204.0221509763917,0,0 Suspected cases
12003,Strathfield - Burwood - Ashfield,1,0,0,0,0,1,0,0,1,1,2,1,NA,2,9,14,8,10,3,10,9,8,6,74,153661,156128,159116,161822,163686,165477,165638,162611,163127,168628,172236,0.650783218,0,0,0,0,0.60431359,0,0,0.613019304,0.593021325,1.161197426786502,0.650783218,NA,1.256944619020086,5.561666522475313,8.552961157,4.834508723266677,6.037261980946401,1.844893641881546,6.130193039778823,5.337191925421638,4.644789707146009,3.483592280359507,42.96430479110058,34.83592280359507,429.64304791100585,3.347971408324173,<10 Suspected cases
31403,Strathpine,5,1,2,1,0,0,0,1,0,1,1,5,6,6,4,3,10,4,5,6,7,5,12,61,37909,38216,38510,38920,39305,39741,40140,40427,41068,42116,42951,13.189480070695614,2.616705045007327,5.193456245131135,2.569373072970195,0,0,0,2.473594379993568,0,2.374394529395004,2.328234499778818,13.189480070695614,15.700230270043962,15.580368735393403,10.277492291880781,7.632616715430606,25.162929971565887,9.965122072745391,12.367971899967845,14.609915262491478,16.62076170576503,11.64117249889409,27.93881399734581,142.0223044865079,279.3881399734581,1420.223044865079,27.315998297302777,10-29 Suspected cases
21004,Sunbury,NA,NA,NA,NA,NA,NA,NA,NA,NA,NA,NA,NA,NA,NA,NA,NA,NA,NA,NA,NA,NA,NA,NA,NA,39320,39949,40924,41699,42582,43905,45102,45464,46317,48097,50000,NA,NA,NA,NA,NA,NA,NA,NA,NA,NA,NA,NA,NA,NA,NA,NA,NA,NA,NA,NA,NA,NA,NA,NA,NA,NA,0,No data
30306,Sunnybank,NA,NA,NA,NA,NA,NA,NA,NA,NA,NA,NA,NA,NA,NA,NA,NA,NA,NA,NA,NA,NA,NA,NA,NA,51223,51942,52345,52588,52485,52467,52177,51086,51414,53195,54686,NA,NA,NA,NA,NA,NA,NA,NA,NA,NA,NA,NA,NA,NA,NA,NA,NA,NA,NA,NA,NA,NA,NA,NA,NA,NA,0,No data
31606,Sunshine Coast Hinterland,23,10,23,16,21,16,10,35,15,32,50,27,22,34,36,34,36,22,51,32,66,70,251,430,49460,49974,50696,51997,53532,55480,57396,59676,62337,65143,67521,46.502224019409624,20.010405410813622,45.36847088527694,30.771006019578053,39.22887245012329,28.839221341023794,17.422816921039793,58.65004356860379,24.06275566677896,49.12269929232612,74.05103597399327,54.58956732713304,44.02289190378997,67.06643522171375,69.23476354405061,63.513412538294844,64.88824801730354,38.330197226287545,85.46149205710839,51.33387875579511,101.3155672904226,103.67145036359058,371.73620058944624,636.8389093763421,3717.3620058944625,6368.389093763421,402.7521934750936,>300 Suspected cases
20303,Surf Coast - Bellarine Peninsula,0,0,0,0,0,0,0,1,0,0,0,NA,NA,NA,1,NA,1,NA,3,1,NA,1,1,7,68202,70891,73928,77248,80737,84745,88864,93195,96432,99285,101887,0,0,0,0,0,0,0,1.073018939,0,0,0,NA,NA,NA,1.294531897265949,NA,1.180010620095581,NA,3.219056816352809,1.037000165920027,NA,0.981479482,0.981479482,6.870356375199976,9.814794821714251,68.70356375199977,1.069045364,<10 Suspected cases
30910,Surfers Paradise,2,1,0,1,1,0,0,1,0,1,0,2,2,1,2,4,2,6,2,1,3,6,7,31,40510,41589,42712,43593,44100,44692,45403,45723,47195,49477,51179,4.937052579609973,2.404481954362933,0,2.293946275778221,2.267573696145125,0,0,2.187083087286486,0,2.021141136285547,0,4.937052579609973,4.808963908725866,2.341262408690766,4.587892551556442,9.070294784580499,4.475073838718339,13.214985793890273,4.374166174572972,2.118868524208073,6.063423409,11.723558490787237,13.677484905918444,60.571718869067396,136.77484905918445,605.7171887,14.1079825,10-29 Suspected cases
12802,Sutherland - Menai - Heathcote,0,0,0,0,0,0,0,0,0,1,1,1,1,2,4,NA,7,1,1,2,6,8,2,33,110879,111084,111357,111646,111784,111940,112170,112140,112185,113160,114213,0,0,0,0,0,0,0,0,0,0.883704489,0.875557073,0.901884036,0.900219654,1.796025395799097,3.582752628844741,NA,6.253350008933357,0.891503967,0.891742465,1.782769532,5.302226935312831,7.004456585502525,1.751114146375631,28.89338341519792,17.511141463756314,288.9338341519792,1.622641693129248,<10 Suspected cases
50403,Swan,NA,NA,NA,NA,NA,NA,NA,NA,NA,NA,NA,NA,NA,NA,NA,1,NA,3,NA,2,NA,1,NA,7,123957,128095,132669,136270,140002,144449,149527,153876,158765,166126,173599,NA,NA,NA,NA,NA,NA,NA,NA,NA,NA,NA,NA,NA,NA,NA,0.71427551,NA,2.006326616597672,NA,1.259723490693793,NA,0.576040185,NA,4.032281291942926,NA,40.32281291942926,0,0 Suspected cases
11703,Sydney Inner City,0,1,1,4,2,3,1,2,1,6,4,1,4,7,9,16,16,17,17,9,22,16,25,134,210123,219929,228903,234580,236206,236516,234080,220973,224514,237855,243970,0,0.454692196,0.436866271,1.705175206752494,0.846718542,1.268413130612728,0.427204375,0.905087952,0.445406523,2.522545248155389,1.639545845800713,0.475911728,1.818768784471352,3.058063896060777,3.836644215193111,6.773748338314861,6.76487003,7.262474367737526,7.693247591334687,4.008658702798044,9.249332577,6.558183383202852,10.247161536254458,54.92478583432389,102.47161536254457,549.2478583432389,9.890613768,<10 Suspected cases
30605,Tablelands (East) - Kuranda,1,1,0,3,1,4,3,10,11,9,9,1,1,1,3,2,5,6,16,19,22,21,52,97,40664,40893,41165,41645,42192,42576,43051,43351,43884,44621,45272,2.459177650993507,2.445406304257452,0,7.203745947892904,2.370117557830868,9.394964299135664,6.968479246,23.06751862702129,25.06608331054598,20.169875170883664,19.87983742710726,2.459177650993507,2.445406304257452,2.429248147698287,7.203745947892904,4.740235115661736,11.743705373919578,13.93695849109196,36.908029803234065,43.29596208185215,49.30413930660451,46.38628732991695,114.86128291217531,214.2604700477116,1148.612829121753,2142.6047004771162,110.8000187507724,100-299 Suspected cases
11004,Tamworth - Gunnedah,1,0,0,0,1,0,1,1,0,1,0,1,1,NA,2,2,NA,3,4,4,1,2,5,20,81175,81730,82283,83228,84103,84883,85133,85390,86321,87178,87997,1.231906375115491,0,0,0,1.189018228,0,1.174632633643828,1.171097318187141,0,1.147078391337264,0,1.231906375115491,1.223540927444023,NA,2.403037439323305,2.378036455,NA,3.523897900931483,4.684389272748565,4.633866614149512,1.147078391337264,2.272804754707547,5.682011886768867,22.72804754707547,56.82011886768867,227.28047547075468,5.379693378996171,<10 Suspected cases
10805,Taree - Gloucester,0,4,3,3,3,0,0,0,7,4,4,NA,4,6,4,4,4,NA,2,10,9,6,28,49,53996,54319,54692,55274,55843,56412,57010,57409,57947,58419,58837,0,7.363905815644618,5.485262926936298,5.427506603466368,5.372204215389575,0,0,0,12.080004141715705,6.847087420188638,6.798443156517157,NA,7.363905815644618,10.970525853872596,7.236675471,7.162938953852765,7.090689924129618,NA,3.483774321099479,17.25714877387958,15.405946695424435,10.197664734775737,47.5891021,83.28092866733519,475.89102095620103,832.8092866733518,45.14978440977944,30-99 Suspected cases
40205,Tea Tree Gully,NA,NA,NA,NA,NA,NA,NA,NA,NA,NA,NA,NA,NA,NA,NA,NA,NA,NA,NA,NA,NA,NA,NA,NA,94635,94807,94933,95326,95819,96451,97185,97491,98029,99069,99613,NA,NA,NA,NA,NA,NA,NA,NA,NA,NA,NA,NA,NA,NA,NA,NA,NA,NA,NA,NA,NA,NA,NA,NA,NA,NA,0,No data
30404,The Gap - Enoggera,8,1,1,1,0,1,1,1,1,3,4,13,7,6,9,9,13,7,8,4,8,14,22,98,51195,51616,52071,52825,53511,54267,54771,55021,55435,56777,57852,15.626526027932416,1.937383756974582,1.920454763688041,1.893043066729768,0,1.842740523706857,1.825783717660806,1.817487868268479,1.803914494452963,5.283829719780897,6.914194842010648,25.393104795390176,13.561686298822071,11.522728582128249,17.037387600567914,16.818971800190614,23.955626808189137,12.780486023625642,14.539902946147834,7.215657977811852,14.090212586082393,24.19968194703727,38.028071631058566,169.39777362926085,380.28071631058566,1693.9777362926086,36.95361145965085,30-99 Suspected cases
31401,The Hills District,8,1,1,3,2,1,1,1,0,3,3,10,3,3,8,5,11,6,5,7,7,7,24,72,86741,87709,89164,89823,90388,90710,91201,91313,92325,93918,95502,9.222858855673788,1.140133851714191,1.121528868153066,3.339901806886878,2.212683099526485,1.102414287289163,1.096479205271872,1.095134318,0,3.194275857663067,3.141295470251932,11.528573569592234,3.420401555142573,3.364586604459198,8.906404818365006,5.531707748816214,12.126557160180797,6.578875231631232,5.475671591120651,7.581911724884918,7.453310334547158,7.329689430587841,25.130363762015456,75.39109128604636,251.30363762015457,753.9109128604637,24.028978948612025,10-29 Suspected cases
31701,Toowoomba,2,3,1,0,2,0,1,1,1,0,2,2,7,4,4,7,4,7,9,4,9,6,13,63,150143,151495,152862,155475,157996,160330,162360,164082,167199,170792,173649,1.332063432860673,1.980263375028879,0.65418482,0,1.265854831767893,0,0.61591525,0.609451372,0.598089701,0,1.151748642376288,1.332063432860673,4.620614542,2.616739281,2.572760894034411,4.430491911187625,2.494854362876567,4.311406750431141,5.485062346875343,2.392358806,5.269567661248771,3.455245927128863,7.486366175445871,36.28008223485307,74.86366175,362.8008223485307,7.359672279454682,<10 Suspected cases
31802,Townsville,0,0,0,0,0,0,0,1,0,1,0,NA,1,3,3,NA,2,3,7,7,11,14,2,51,188830,190065,191403,192523,193151,193734,194726,195506,198179,201478,204592,0,0,0,0,0,0,0,0.511493253,0,0.496332106,0,NA,0.526135796,1.567373552138681,1.558255377279598,NA,1.032343316,1.540626315951645,3.580452773827913,3.532160319710968,5.459653163,6.842887307421599,0.97755533,24.927660905607254,9.775553296316572,249.27660905607254,0.932754466,<10 Suspected cases
80107,Tuggeranong,0,0,0,0,0,0,0,0,1,3,1,NA,NA,1,1,2,2,1,2,3,9,7,5,28,87204,86382,85930,86345,86888,87495,88321,89054,88858,89226,89340,0,0,0,0,0,0,0,0,1.125391073398006,3.362248671911774,1.119319453772107,NA,NA,1.163737926219016,1.158144652267068,2.301813829297487,2.285844905423167,1.132233557138166,2.245828373795674,3.376173220194018,10.086746015735324,7.835236176404745,5.596597268860533,31.34094470561898,55.96597268860533,313.40944705618983,5.181116281865161,<10 Suspected cases
21005,Tullamarine - Broadmeadows,NA,NA,NA,NA,NA,NA,NA,NA,NA,NA,NA,NA,NA,NA,NA,1,1,1,3,1,2,2,NA,11,154167,160525,168560,177183,185929,195222,203189,206755,212702,221107,228673,NA,NA,NA,NA,NA,NA,NA,NA,NA,NA,NA,NA,NA,NA,NA,0.537839713,0.51223735,0.492152626,1.450992720853184,0.470141324,0.904539431,0.874611345,NA,4.810362395210628,NA,48.10362395210628,0,0 Suspected cases
11302,Tumut - Tumbarumba,0,0,0,1,0,0,0,0,0,0,1,1,2,NA,2,NA,1,1,2,2,5,5,2,21,14729,14680,14653,14733,14789,14854,14924,14933,14945,14947,14971,0,0,0,6.787483879725785,0,0,0,0,0,0,6.679580522343198,6.789327177676693,13.623978201634879,NA,13.574967759451571,NA,6.732193348592971,6.700616456714018,13.393156097234312,13.382402141184343,33.45152873486318,33.397902611715985,13.359161044686395,140.27119096920714,133.59161044686394,1402.7119096920712,12.258056607705415,10-29 Suspected cases
11203,Tweed Valley,2,2,3,4,2,1,1,2,3,6,3,2,2,3,8,7,7,6,9,10,13,9,29,76,91139,92261,93742,94597,95355,96068,96857,97216,97966,98967,99793,2.194450235354788,2.167763193548736,3.200273089970344,4.228463904774993,2.097425410308846,1.040929341716284,1.032449900368585,2.057274522712311,3.062286915868771,6.062626936251477,3.006222881364424,2.194450235354788,2.167763193548736,3.200273089970344,8.456927809549986,7.340988936080961,7.286505392013991,6.194699402211508,9.257735352,10.207623052895903,13.135691695211534,9.018668644093273,29.060154519856102,76.15764632789875,290.60154519856104,761.5764632789875,27.515249615498107,10-29 Suspected cases
40107,Unley,NA,NA,NA,NA,NA,NA,NA,NA,NA,NA,NA,NA,NA,NA,NA,NA,NA,NA,NA,NA,NA,NA,NA,NA,38695,38823,38939,39078,39187,39322,39465,39061,39092,39929,40327,NA,NA,NA,NA,NA,NA,NA,NA,NA,NA,NA,NA,NA,NA,NA,NA,NA,NA,NA,NA,NA,NA,NA,NA,NA,NA,0,No data
20401,Upper Goulburn Valley,NA,NA,NA,NA,NA,NA,NA,NA,NA,NA,NA,NA,NA,1,NA,NA,NA,NA,NA,NA,1,1,NA,3,52885,53619,54551,55524,56599,57672,58690,59693,60437,61224,62249,NA,NA,NA,NA,NA,NA,NA,NA,NA,NA,NA,NA,NA,1.833146963392055,NA,NA,NA,NA,NA,NA,1.633346400104534,1.606451509261193,NA,4.819354527783578,NA,48.19354527783579,0,0 Suspected cases
10604,Upper Hunter,1,0,1,0,0,0,0,0,0,3,1,3,NA,1,NA,NA,3,1,2,NA,4,2,6,16,30939,30847,30806,30835,30816,30843,30833,30725,30829,31114,31223,3.232166521219173,0,3.246120885541778,0,0,0,0,0,0,9.641961817831202,3.202767190852897,9.696499564,NA,3.246120885541778,NA,NA,9.726680284019064,3.243278305711413,6.509357200976404,NA,12.855949090441602,6.405534381705793,19.216603145117382,51.24427505364635,192.1660314511738,512.4427505364634,17.65692592919573,10-29 Suspected cases
10903,Upper Murray exc. Albury,1,0,0,0,0,0,0,0,0,0,0,1,NA,NA,1,NA,NA,1,NA,NA,1,NA,1,4,42333,42529,42640,42771,42912,43025,43179,43313,43693,44074,44453,2.362223324593107,0,0,0,0,0,0,0,0,0,0,2.362223324593107,NA,NA,2.338032779219565,NA,NA,2.315940619282522,NA,NA,2.268911376321641,NA,2.249566958360516,8.998267833442062,22.495669583605157,89.98267833442063,2.105608921043876,<10 Suspected cases
80111,Uriarra - Namadgi,NA,NA,NA,NA,NA,NA,NA,NA,NA,NA,NA,NA,NA,NA,NA,NA,NA,NA,NA,NA,NA,1,NA,1,578,595,599,600,601,604,606,622,624,622,624,NA,NA,NA,NA,NA,NA,NA,NA,NA,NA,NA,NA,NA,NA,NA,NA,NA,NA,NA,NA,NA,160.25641025641025,NA,160.25641025641025,NA,1602.5641025641025,0,0 Suspected cases
11303,Wagga Wagga,NA,NA,NA,NA,NA,NA,NA,NA,NA,NA,NA,NA,1,1,2,NA,2,2,NA,1,3,4,NA,16,93926,94607,95374,96300,97151,98012,98914,99471,100028,100626,100935,NA,NA,NA,NA,NA,NA,NA,NA,NA,NA,NA,NA,1.057004238586997,1.048503785098664,2.076843198338525,NA,2.040566461249643,2.021958468973047,NA,0.999720078,2.981336831435216,3.962946450686085,NA,15.85178580274434,NA,158.5178580274434,0,0 Suspected cases
20402,Wangaratta - Benalla,0,0,1,0,0,0,0,0,0,0,0,NA,NA,1,NA,2,1,NA,NA,1,1,1,1,7,45638,45984,46542,47005,47475,47759,47998,48279,48512,48726,49047,0,0,2.148596966181084,0,0,0,0,0,0,0,0,NA,NA,2.148596966181084,NA,4.212743549,2.093846186059172,NA,NA,2.061345646437994,2.052292410622666,2.038860684649418,2.038860684649418,14.272024792545926,20.38860684649418,142.72024792545926,1.912173854846883,<10 Suspected cases
50503,Wanneroo,NA,NA,NA,NA,NA,NA,NA,NA,NA,NA,NA,NA,NA,NA,NA,NA,NA,1,1,5,1,1,NA,9,182230,188067,194515,198865,203123,207791,212269,215800,220528,228648,236788,NA,NA,NA,NA,NA,NA,NA,NA,NA,NA,NA,NA,NA,NA,NA,NA,NA,0.471100349,0.46339203,2.267285787,0.437353487,0.422318699,NA,3.800868287244286,NA,38.00868287244286,0,0 Suspected cases
12203,Warringah,14,19,44,49,39,36,32,55,44,59,64,25,38,73,104,124,126,100,141,107,149,156,455,1143,153730,155567,157369,158793,159473,159980,159502,157396,156777,159434,161233,9.106875691146815,12.213387157944808,27.959763358730118,30.857783403550535,24.45555046935845,22.502812851606453,20.062444358064475,34.943708861724566,28.06534121714282,37.00590840096842,39.69410728572935,16.26227801990503,24.426774315889617,46.38778920880224,65.49407089733175,77.75610918462687,78.75984498062259,62.69513861895149,89.58296271823934,68.24980705077914,93.45559918,96.75438650896528,282.2002939844821,708.9119473060725,2822.002939844821,7089.119473060726,261.60641286436595,100-299 Suspected cases
21704,Warrnambool,NA,NA,NA,NA,NA,NA,NA,NA,NA,NA,NA,NA,NA,NA,NA,1,NA,NA,1,1,NA,1,NA,4,50201,50550,50927,51290,51709,52091,52504,52725,53053,53518,53856,NA,NA,NA,NA,NA,NA,NA,NA,NA,NA,NA,NA,NA,NA,NA,1.933899321201338,NA,NA,1.896633475580844,1.884907545284904,NA,1.856803327391563,NA,7.427213309566251,NA,74.27213309566251,0,0 Suspected cases
20505,Wellington,NA,NA,NA,NA,NA,NA,NA,NA,NA,NA,NA,NA,NA,1,NA,1,2,1,NA,NA,NA,NA,NA,5,42834,43058,43417,43778,44134,44573,44997,45358,45697,45998,46416,NA,NA,NA,NA,NA,NA,NA,NA,NA,NA,NA,NA,NA,2.303245272589078,NA,2.265826800199393,4.487021290916026,2.222370380247572,NA,NA,NA,NA,NA,10.772147535332644,NA,107.72147535332644,0,0 Suspected cases
60403,West Coast,NA,NA,NA,NA,NA,NA,NA,NA,NA,NA,NA,NA,NA,NA,1,1,NA,1,NA,NA,1,NA,NA,4,17970,17738,17543,17570,17701,17834,17994,18273,18327,18309,18283,NA,NA,NA,NA,NA,NA,NA,NA,NA,NA,NA,NA,NA,NA,5.691519635742743,5.649398339076888,NA,5.557408024897188,NA,NA,5.461794745753454,NA,NA,21.878247552371054,NA,218.78247552371053,0,0 Suspected cases
51003,West Pilbara,NA,NA,NA,NA,NA,NA,NA,NA,NA,NA,NA,NA,NA,NA,NA,NA,NA,NA,NA,NA,NA,NA,NA,NA,36500,36105,35522,34496,33653,32862,32172,31193,31652,32313,32895,NA,NA,NA,NA,NA,NA,NA,NA,NA,NA,NA,NA,NA,NA,NA,NA,NA,NA,NA,NA,NA,NA,NA,NA,NA,NA,0,No data
40403,West Torrens,NA,NA,NA,NA,NA,NA,NA,NA,NA,NA,NA,NA,NA,NA,NA,NA,NA,1,NA,2,NA,NA,NA,3,61827,62313,62689,63133,63884,64891,65945,65802,66508,68028,69344,NA,NA,NA,NA,NA,NA,NA,NA,NA,NA,NA,NA,NA,NA,NA,NA,NA,1.516415194480249,NA,3.007157033740302,NA,NA,NA,4.326257498846331,NA,43.262574988463314,0,0 Suspected cases
80108,Weston Creek,NA,NA,NA,NA,NA,NA,NA,NA,NA,NA,NA,NA,NA,NA,NA,NA,NA,NA,NA,NA,NA,NA,NA,NA,23625,23345,23279,23459,23578,23876,24190,24487,24444,24646,24724,NA,NA,NA,NA,NA,NA,NA,NA,NA,NA,NA,NA,NA,NA,NA,NA,NA,NA,NA,NA,NA,NA,NA,NA,NA,NA,0,No data
50902,Wheat Belt - North,NA,NA,NA,NA,NA,NA,NA,NA,NA,NA,NA,NA,2,NA,NA,NA,NA,1,NA,1,1,NA,NA,5,57288,57058,56603,56740,56705,56806,57176,57730,58428,59501,60818,NA,NA,NA,NA,NA,NA,NA,NA,NA,NA,NA,NA,3.505205229766203,NA,NA,NA,NA,1.748985588358752,NA,1.711508181009105,1.680644022789533,NA,NA,8.221250288,NA,82.21250288,0,0 Suspected cases
50903,Wheat Belt - South,NA,NA,NA,NA,NA,NA,NA,NA,NA,NA,NA,NA,NA,NA,NA,NA,NA,1,NA,NA,NA,NA,NA,1,21218,21076,20687,20506,20172,19958,19947,19940,19934,20052,20220,NA,NA,NA,NA,NA,NA,NA,NA,NA,NA,NA,NA,NA,NA,NA,NA,NA,5.013285205795358,NA,NA,NA,NA,NA,4.945598417408506,NA,49.45598417408506,0,0 Suspected cases
21104,Whitehorse - East,0,0,0,0,0,0,0,0,0,1,0,NA,NA,1,NA,NA,NA,NA,1,NA,1,2,1,5,61810,62542,63443,64284,64812,64972,65005,63435,63525,64600,65543,0,0,0,0,0,0,0,0,0,1.547987616099071,0,NA,NA,1.576218022476869,NA,NA,NA,NA,1.576416804603137,NA,1.547987616099071,3.051431884,1.525715942,7.628579711029401,15.25715942,76.28579711029401,1.420513060907338,<10 Suspected cases
20703,Whitehorse - West,0,0,0,0,1,0,0,0,0,1,0,1,NA,NA,NA,2,2,1,2,3,2,2,2,15,103254,104888,106953,108868,110406,111676,112582,108426,109860,114813,118702,0,0,0,0,0.905747876,0,0,0,0,0.870981509,0,0.968485482,NA,NA,NA,1.811495752042462,1.790895089365665,0.88824146,1.844576024200838,2.730748225013654,1.741963018125125,1.684891577227005,1.684891577227005,12.63668682920254,16.848915772270054,126.3668682920254,1.652308109197738,<10 Suspected cases
31203,Whitsunday,0,1,0,0,1,0,0,1,0,0,0,NA,1,NA,NA,1,1,NA,3,NA,3,6,3,15,21083,21464,21791,22274,22660,22985,23447,23698,24238,25014,25694,0,4.658963846440551,0,0,4.413062665,0,0,4.219765381044814,0,0,0,NA,4.658963846440551,NA,NA,4.413062665,4.350663476180118,NA,12.659296143134442,NA,11.993283761093787,23.35175527360473,11.675877636802365,58.37938818401183,116.75877636802366,583.7938818401183,11.794863730007705,10-29 Suspected cases
20904,Whittlesea - Wallan,1,0,0,0,0,0,0,0,1,0,0,3,6,NA,1,1,1,1,2,1,1,2,2,19,202758,212533,223805,232044,239341,246162,252583,254784,261823,271333,281619,0.493198789,0,0,0,0,0,0,0,0.381937416,0,0,1.479596366111325,2.823091002,NA,0.43095275,0.417813914,0.406236543,0.395909463,0.784978649,0.381937416,0.368550821,0.710179356,0.710179356,6.746703880064911,7.101793557963063,67.4670388,0.746607137,<10 Suspected cases
80109,Woden Valley,1,2,0,0,0,0,0,0,0,0,0,2,2,NA,2,NA,2,NA,1,1,3,3,3,16,34967,35112,35388,36287,37093,37711,38688,39079,39201,39497,40436,2.859839277032631,5.696058327637274,0,0,0,0,0,0,0,0,0,5.719678554065261,5.696058327637274,NA,5.511615730151294,NA,5.303492349712285,NA,2.558919112566852,2.550955332772123,7.595513583310125,7.419131467009595,7.419131467009595,39.56870115738451,74.19131467009595,395.6870115738451,7.255858501084751,<10 Suspected cases
20403,Wodonga - Alpine,NA,NA,NA,NA,NA,NA,NA,NA,NA,NA,NA,1,NA,1,1,NA,NA,NA,NA,NA,NA,1,NA,4,69071,70197,71482,72533,73579,74460,75434,76236,76926,77687,78341,NA,NA,NA,NA,NA,NA,NA,NA,NA,NA,NA,1.447785611906589,NA,1.398953582720125,1.378682806446721,NA,NA,NA,NA,NA,NA,1.276470813494849,NA,5.105883253979398,NA,51.05883253979398,0,0 Suspected cases
12303,Wollondilly,0,1,0,0,0,0,0,0,1,0,0,1,1,2,NA,1,1,2,1,3,1,NA,2,13,40005,41049,42291,43240,44203,44913,45563,46026,47307,48622,50473,0,2.436112938195814,0,0,0,0,0,0,2.113852072631957,0,0,2.499687539057618,2.436112938195814,4.729138587406304,NA,2.262289889826482,2.226526840781066,4.389526589557317,2.172685004128101,6.341556217895872,2.056682160338941,NA,3.962514611772631,25.756344976522097,39.62514611772631,257.5634498,4.051108788475406,<10 Suspected cases
10704,Wollongong,0,0,0,1,0,2,0,0,1,1,0,1,NA,NA,2,1,5,4,3,7,6,7,5,36,129985,131242,132796,133960,134792,135463,135681,134841,135802,137591,139323,0,0,0,0.74649149,0,1.476417914854979,0,0,0.73636618,0.726791723,0,0.769319537,NA,NA,1.492982979994028,0.741883791,3.691044787137447,2.948091479278602,2.224842592386589,5.154563261218539,4.36075034,5.024296060234132,3.588782900167237,25.839236881204112,35.88782900167237,258.3923688120411,3.375012487546204,<10 Suspected cases
21305,Wyndham,0,0,0,0,1,0,1,0,0,0,0,NA,NA,NA,2,3,2,1,1,3,2,NA,2,14,206369,218681,232034,246866,262190,278303,292388,301133,314096,328896,341877,0,0,0,0,0.381402799,0,0.3420113,0,0,0,0,NA,NA,NA,0.810156117,1.144208398489645,0.718641193,0.3420113,0.332079181,0.955122001,0.60809496,NA,0.585005718,4.095040029016284,5.850057184308977,40.95040029016284,0.661630993,<10 Suspected cases
30103,Wynnum - Manly,2,0,2,0,0,1,0,0,0,2,1,4,2,4,4,NA,3,2,7,3,4,9,8,42,70653,71045,71439,72058,72520,73264,74031,74093,74593,75566,76920,2.830736132931368,0,2.799591259676087,0,0,1.36492684,0,0,0,2.646692957150041,1.300052002080083,5.661472265862737,2.815117179252586,5.599182519352174,5.551083849,NA,4.09478052,2.701570963515284,9.447586141740786,4.021825104232301,5.293385914300082,11.70046801872075,10.400416016640666,54.60218409,104.00416016640666,546.0218409,9.923317564,<10 Suspected cases
10202,Wyong,0,2,6,1,3,3,2,3,6,4,3,2,9,17,15,17,17,13,11,21,31,23,33,176,158683,160484,162474,164595,166334,167733,168627,169343,170290,171639,173145,0,1.246230153784801,3.692898556076665,0.60755187,1.803599986,1.788556813507181,1.186049683621247,1.771552411,3.523401256679782,2.330472678,1.732651823616044,1.260374457251249,5.608035692031604,10.46321257555055,9.113278046113187,10.22039992,10.135155276540694,7.709322943538104,6.495692175,12.331904398379235,18.061163255437286,13.283663981056339,19.059170059776488,101.64890698547461,190.59170059776488,1016.489069854746,17.999865819182073,10-29 Suspected cases
20607,Yarra,0,1,0,1,0,0,0,0,0,0,0,1,2,2,3,NA,3,1,NA,2,4,2,2,20,88037,90752,93743,95313,96368,97471,97615,92481,93345,98431,101733,0,1.101904090267983,0,1.049174824000923,0,0,0,0,0,0,0,1.135886047911673,2.203808180535966,2.133492634116681,3.147524472,NA,3.077838536590371,1.024432720381089,NA,2.142589319192244,4.063760400686776,1.965930425722234,1.965930425722234,19.659304257222338,19.659304257222338,196.59304257222337,1.913346452512176,<10 Suspected cases
21105,Yarra Ranges,0,0,0,0,0,0,1,1,0,0,1,2,NA,1,2,3,4,2,3,5,2,6,3,30,151128,152549,154411,155891,156997,157926,158057,156602,156643,157869,159320,0,0,0,0,0,0,0.632683146,0.638561449,0,0,0.627667587,1.323381504420094,NA,0.647622255,1.282947700636984,1.910864538812844,2.532831832630472,1.265366292,1.915684346304645,3.191971553149518,1.266873166992887,3.766005523474768,1.883002761737384,18.83002761737384,18.83002761737384,188.30027617373838,1.746833718316076,<10 Suspected cases
40504,Yorke Peninsula,NA,NA,NA,NA,NA,NA,NA,NA,NA,NA,NA,NA,NA,NA,NA,NA,NA,NA,NA,NA,NA,NA,NA,NA,25284,25538,25768,26016,26292,26550,26797,27176,27572,28003,28460,NA,NA,NA,NA,NA,NA,NA,NA,NA,NA,NA,NA,NA,NA,NA,NA,NA,NA,NA,NA,NA,NA,NA,NA,NA,NA,0,No data
10106,Young - Yass,NA,NA,NA,NA,NA,NA,NA,NA,NA,NA,NA,NA,NA,NA,NA,NA,NA,NA,1,2,1,2,NA,6,36288,36438,36666,36978,37253,37562,37859,38085,38237,38449,38753,NA,NA,NA,NA,NA,NA,NA,NA,NA,NA,NA,NA,NA,NA,NA,NA,NA,NA,2.625705658395694,5.230535868399718,2.600847876407709,5.160890769746858,NA,15.482672309240575,NA,154.82672309240576,0,0 Suspected cases